software,algorithm,pop_size,max_evals,fitness,fold,reference_fitness_train,best_patch_fitness_train,change_perc_train,reference_fitness_validate,patch_fitness_validate,change_perc_validate,patch_length,search_time_minutes,train_log,validate_log
minisat_hack,GeneticProgrammingUniformConcat,50,100,time,5,1.7625,1.3644,-22.587,24.2569,22.927,-5.483,1,5.662166666666667,/home/pbermejo/GeneticImprovement/magpie/_magpie_logs/minisat_hack_1762429173_FOLD5.log,/home/pbermejo/GeneticImprovement/magpie/_magpie_logs/minisat_hack_1762507989_FOLD5-val_1762429173_GeneticProgrammingUniformConcat.log
minisat_hack,GeneticProgrammingUniformConcat,50,100,time,3,1.4846,1.1024,-25.744,0.1413,0.1352,-4.317,1,5.854833333333334,/home/pbermejo/GeneticImprovement/magpie/_magpie_logs/minisat_hack_1762429171_FOLD3.log,/home/pbermejo/GeneticImprovement/magpie/_magpie_logs/minisat_hack_1762508291_FOLD3-val_1762429171_GeneticProgrammingUniformConcat.log
minisat_hack,UMDAAlgorithm,50,100,time,5,1.8018,0.7492,-58.419,0.133,0.1148,-13.684,2,6.917050000000001,/home/pbermejo/GeneticImprovement/magpie/_magpie_logs/minisat_hack_1762429184_FOLD5.log,/home/pbermejo/GeneticImprovement/magpie/_magpie_logs/minisat_hack_1762508296_FOLD5-val_1762429184_UMDAAlgorithm.log
minisat_hack,GeneticProgrammingUniformConcat,50,100,time,1,4.8463,1.6624,-65.698,0.1192,0.0909,-23.742,1,7.353883333333333,/home/pbermejo/GeneticImprovement/magpie/_magpie_logs/minisat_hack_1762429178_FOLD1.log,/home/pbermejo/GeneticImprovement/magpie/_magpie_logs/minisat_hack_1762508293_FOLD1-val_1762429178_GeneticProgrammingUniformConcat.log
minisat_hack,GeneticProgrammingUniformConcat,50,100,time,2,4.7562,1.6726,-64.833,0.088,0.0634,-27.955,1,7.3571333333333335,/home/pbermejo/GeneticImprovement/magpie/_magpie_logs/minisat_hack_1762429177_FOLD2.log,/home/pbermejo/GeneticImprovement/magpie/_magpie_logs/minisat_hack_1762507557_FOLD2-val_1762429177_GeneticProgrammingUniformConcat.log
minisat_hack,GeneticProgrammingUniformConcat,50,100,time,4,5.2436,1.5888,-69.7,0.0838,0.1086,29.594,1,7.357233333333334,/home/pbermejo/GeneticImprovement/magpie/_magpie_logs/minisat_hack_1762429172_FOLD4.log,/home/pbermejo/GeneticImprovement/magpie/_magpie_logs/minisat_hack_1762508290_FOLD4-val_1762429172_GeneticProgrammingUniformConcat.log
minisat_hack,UMDAAlgorithm,50,100,time,3,1.9147,1.7763,-7.228,0.171,0.1294,-24.327,2,7.7379,/home/pbermejo/GeneticImprovement/magpie/_magpie_logs/minisat_hack_1762429187_FOLD3.log,/home/pbermejo/GeneticImprovement/magpie/_magpie_logs/minisat_hack_1762507570_FOLD3-val_1762429187_UMDAAlgorithm.log
minisat_hack,FirstImprovement,None,100,time,5,1.7596,0.8857,-49.665,0.1442,0.0946,-34.397,2,7.977783333333333,/home/pbermejo/GeneticImprovement/magpie/_magpie_logs/minisat_hack_1762429188_FOLD5.log,/home/pbermejo/GeneticImprovement/magpie/_magpie_logs/minisat_hack_1762778397_FOLD5-val_1762429188_FirstImprovement.log
minisat_hack,FirstImprovement,None,100,time,3,1.7972,0.6133,-65.875,0.1421,0.073,-48.628,2,8.71275,/home/pbermejo/GeneticImprovement/magpie/_magpie_logs/minisat_hack_1762429183_FOLD3.log,/home/pbermejo/GeneticImprovement/magpie/_magpie_logs/minisat_hack_1762778401_FOLD3-val_1762429183_FirstImprovement.log
minisat_hack,UMDAAlgorithm,50,100,time,1,4.8487,1.9935,-58.886,0.1217,0.1217,0.0,1,8.995983333333333,/home/pbermejo/GeneticImprovement/magpie/_magpie_logs/minisat_hack_1762429189_FOLD1.log,/home/pbermejo/GeneticImprovement/magpie/_magpie_logs/minisat_hack_1762508560_FOLD1-val_1762429189_UMDAAlgorithm.log
minisat_hack,UMDAAlgorithm,50,100,time,4,4.9069,1.5489,-68.434,0.129,0.0579,-55.116,1,9.246583333333332,/home/pbermejo/GeneticImprovement/magpie/_magpie_logs/minisat_hack_1762429191_FOLD4.log,/home/pbermejo/GeneticImprovement/magpie/_magpie_logs/minisat_hack_1762507568_FOLD4-val_1762429191_UMDAAlgorithm.log
minisat_hack,FirstImprovement,None,100,time,1,4.8406,0.9408,-80.564,0.1192,0.0973,-18.372,3,9.673200000000001,/home/pbermejo/GeneticImprovement/magpie/_magpie_logs/minisat_hack_1762429186_FOLD1.log,/home/pbermejo/GeneticImprovement/magpie/_magpie_logs/minisat_hack_1762778400_FOLD1-val_1762429186_FirstImprovement.log
minisat_hack,UMDAAlgorithm,50,100,time,2,4.7921,1.6822,-64.896,0.1244,0.0684,-45.016,1,9.871883333333333,/home/pbermejo/GeneticImprovement/magpie/_magpie_logs/minisat_hack_1762429185_FOLD2.log,/home/pbermejo/GeneticImprovement/magpie/_magpie_logs/minisat_hack_1762507560_FOLD2-val_1762429185_UMDAAlgorithm.log
minisat_hack,FirstImprovement,None,100,time,4,4.8075,0.7999,-83.361,0.1181,0.0357,-69.771,2,10.085683333333332,/home/pbermejo/GeneticImprovement/magpie/_magpie_logs/minisat_hack_1762429182_FOLD4.log,/home/pbermejo/GeneticImprovement/magpie/_magpie_logs/minisat_hack_1762778399_FOLD4-val_1762429182_FirstImprovement.log
minisat_hack,FirstImprovement,None,100,time,2,4.7572,1.649,-65.337,0.1393,0.0811,-41.78,1,10.574466666666666,/home/pbermejo/GeneticImprovement/magpie/_magpie_logs/minisat_hack_1762429181_FOLD2.log,/home/pbermejo/GeneticImprovement/magpie/_magpie_logs/minisat_hack_1762778398_FOLD2-val_1762429181_FirstImprovement.log
minisat_hack,GeneticProgrammingUniformConcat,50,250,time,5,1.8611,0.6117,-67.132,0.1464,0.1068,-27.049,2,12.805383333333333,/home/pbermejo/GeneticImprovement/magpie/_magpie_logs/minisat_hack_1762429192_FOLD5.log,/home/pbermejo/GeneticImprovement/magpie/_magpie_logs/minisat_hack_1762507566_FOLD5-val_1762429192_GeneticProgrammingUniformConcat.log
minisat_hack,GeneticProgrammingUniformConcat,50,250,time,1,4.887,1.7538,-64.113,0.1192,0.1154,-3.188,1,14.309366666666667,/home/pbermejo/GeneticImprovement/magpie/_magpie_logs/minisat_hack_1762429194_FOLD1.log,/home/pbermejo/GeneticImprovement/magpie/_magpie_logs/minisat_hack_1762507571_FOLD1-val_1762429194_GeneticProgrammingUniformConcat.log
minisat_hack,GeneticProgrammingUniformConcat,50,250,time,3,1.907,0.8226,-56.864,0.1206,0.0834,-30.846,1,15.21365,/home/pbermejo/GeneticImprovement/magpie/_magpie_logs/minisat_hack_1762429195_FOLD3.log,/home/pbermejo/GeneticImprovement/magpie/_magpie_logs/minisat_hack_1762507569_FOLD3-val_1762429195_GeneticProgrammingUniformConcat.log
minisat_hack,UMDAAlgorithm,50,250,time,5,4.9312,0.4446,-90.984,3.5651,1.5803,-55.673,2,15.69385,/home/pbermejo/GeneticImprovement/magpie/_magpie_logs/minisat_hack_1762429205_FOLD5.log,/home/pbermejo/GeneticImprovement/magpie/_magpie_logs/minisat_hack_1762507575_FOLD5-val_1762429205_UMDAAlgorithm.log
minisat_hack,UMDAAlgorithm,50,250,time,3,4.9973,1.2893,-74.2,4.0409,4.3326,7.219,2,16.142133333333334,/home/pbermejo/GeneticImprovement/magpie/_magpie_logs/minisat_hack_1762429202_FOLD3.log,/home/pbermejo/GeneticImprovement/magpie/_magpie_logs/minisat_hack_1762507577_FOLD3-val_1762429202_UMDAAlgorithm.log
minisat_hack,FirstImprovement,None,250,time,5,4.8277,0.3842,-92.042,0.1328,0.1299,-2.184,3,18.417433333333335,/home/pbermejo/GeneticImprovement/magpie/_magpie_logs/minisat_hack_1762429180_FOLD5.log,/home/pbermejo/GeneticImprovement/magpie/_magpie_logs/minisat_hack_1762508295_FOLD5-val_1762429180_FirstImprovement.log
minisat_hack,GeneticProgrammingUniformConcat,50,250,time,2,4.8144,1.6428,-65.877,0.1273,0.0505,-60.33,1,18.483316666666667,/home/pbermejo/GeneticImprovement/magpie/_magpie_logs/minisat_hack_1762429193_FOLD2.log,/home/pbermejo/GeneticImprovement/magpie/_magpie_logs/minisat_hack_1762507567_FOLD2-val_1762429193_GeneticProgrammingUniformConcat.log
minisat_hack,GeneticProgrammingUniformConcat,50,250,time,4,4.8374,1.0268,-78.774,0.126,0.0502,-60.159,1,18.9628,/home/pbermejo/GeneticImprovement/magpie/_magpie_logs/minisat_hack_1762429190_FOLD4.log,/home/pbermejo/GeneticImprovement/magpie/_magpie_logs/minisat_hack_1762507565_FOLD4-val_1762429190_GeneticProgrammingUniformConcat.log
minisat_hack,UMDAAlgorithm,50,250,time,4,6.988,0.9438,-86.494,0.1081,0.0513,-52.544,2,19.754616666666667,/home/pbermejo/GeneticImprovement/magpie/_magpie_logs/minisat_hack_1762429204_FOLD4.log,/home/pbermejo/GeneticImprovement/magpie/_magpie_logs/minisat_hack_1762507573_FOLD4-val_1762429204_UMDAAlgorithm.log
minisat_hack,UMDAAlgorithm,50,250,time,1,7.0581,0.7266,-89.705,0.1294,0.1008,-22.102,2,20.033,/home/pbermejo/GeneticImprovement/magpie/_magpie_logs/minisat_hack_1762429201_FOLD1.log,/home/pbermejo/GeneticImprovement/magpie/_magpie_logs/minisat_hack_1762507572_FOLD1-val_1762429201_UMDAAlgorithm.log
minisat_hack,UMDAAlgorithm,50,250,time,2,7.0683,0.7148,-89.887,0.125,0.0679,-45.68,1,20.07785,/home/pbermejo/GeneticImprovement/magpie/_magpie_logs/minisat_hack_1762429203_FOLD2.log,/home/pbermejo/GeneticImprovement/magpie/_magpie_logs/minisat_hack_1762507574_FOLD2-val_1762429203_UMDAAlgorithm.log
minisat_hack,FirstImprovement,None,250,time,3,7.4465,0.4714,-93.67,0.1289,0.0907,-29.635,4,20.979666666666667,/home/pbermejo/GeneticImprovement/magpie/_magpie_logs/minisat_hack_1762429175_FOLD3.log,/home/pbermejo/GeneticImprovement/magpie/_magpie_logs/minisat_hack_1762507550_FOLD3-val_1762429175_FirstImprovement.log
minisat_hack,FirstImprovement,None,250,time,4,7.3009,1.2664,-82.654,0.1276,0.0949,-25.627,5,23.68933333333333,/home/pbermejo/GeneticImprovement/magpie/_magpie_logs/minisat_hack_1762429179_FOLD4.log,/home/pbermejo/GeneticImprovement/magpie/_magpie_logs/minisat_hack_1762507554_FOLD4-val_1762429179_FirstImprovement.log
minisat_hack,GeneticProgrammingUniformConcat,50,500,time,5,4.9464,0.3894,-92.128,0.1409,0.1623,15.188,2,23.44656666666667,/home/pbermejo/GeneticImprovement/magpie/_magpie_logs/minisat_hack_1762429207_FOLD5.log,/home/pbermejo/GeneticImprovement/magpie/_magpie_logs/minisat_hack_1762507583_FOLD5-val_1762429207_GeneticProgrammingUniformConcat.log
minisat_hack,FirstImprovement,None,250,time,2,7.3425,0.4342,-94.086,0.124,0.1294,4.355,3,24.05636666666667,/home/pbermejo/GeneticImprovement/magpie/_magpie_logs/minisat_hack_1762429174_FOLD2.log,/home/pbermejo/GeneticImprovement/magpie/_magpie_logs/minisat_hack_1762508559_FOLD2-val_1762429174_FirstImprovement.log
minisat_hack,FirstImprovement,None,250,time,1,7.3816,1.1528,-84.383,0.1242,0.125,0.644,2,24.107066666666665,/home/pbermejo/GeneticImprovement/magpie/_magpie_logs/minisat_hack_1762429176_FOLD1.log,/home/pbermejo/GeneticImprovement/magpie/_magpie_logs/minisat_hack_1762508292_FOLD1-val_1762429176_FirstImprovement.log
sat4j,GeneticProgrammingUniformConcat,50,100,time,5,16.3683,16.0522,-1.931,13.4013,13.6034,1.508,2,25.445116666666667,/home/pbermejo/GeneticImprovement/magpie/_magpie_logs/sat4j_1762429180_FOLD5.log,/home/pbermejo/GeneticImprovement/magpie/_magpie_logs/sat4j_1762509148_FOLD5-val_1762429180_GeneticProgrammingUniformConcat.log
sat4j,UMDAAlgorithm,50,100,time,5,17.0656,16.2625,-4.706,13.7059,13.4572,-1.815,2,27.715833333333332,/home/pbermejo/GeneticImprovement/magpie/_magpie_logs/sat4j_1762429192_FOLD5.log,/home/pbermejo/GeneticImprovement/magpie/_magpie_logs/sat4j_1762509193_FOLD5-val_1762429192_UMDAAlgorithm.log
minisat_hack,GeneticProgrammingUniformConcat,50,500,time,3,5.0497,0.8996,-82.185,0.1127,0.15,33.097,2,28.957483333333336,/home/pbermejo/GeneticImprovement/magpie/_magpie_logs/minisat_hack_1762429209_FOLD3.log,/home/pbermejo/GeneticImprovement/magpie/_magpie_logs/minisat_hack_1762507584_FOLD3-val_1762429209_GeneticProgrammingUniformConcat.log
sat4j,GeneticProgrammingUniformConcat,50,100,time,3,25.4221,24.0028,-5.583,7.0145,6.8914,-1.755,1,34.27238333333333,/home/pbermejo/GeneticImprovement/magpie/_magpie_logs/sat4j_1762429174_FOLD3.log,/home/pbermejo/GeneticImprovement/magpie/_magpie_logs/sat4j_1762509160_FOLD3-val_1762429174_GeneticProgrammingUniformConcat.log
minisat_hack,GeneticProgrammingUniformConcat,50,500,time,1,7.1235,0.8869,-87.55,0.1326,0.1317,-0.679,2,37.4567,/home/pbermejo/GeneticImprovement/magpie/_magpie_logs/minisat_hack_1762429208_FOLD1.log,/home/pbermejo/GeneticImprovement/magpie/_magpie_logs/minisat_hack_1762507582_FOLD1-val_1762429208_GeneticProgrammingUniformConcat.log
sat4j,UMDAAlgorithm,50,100,time,3,24.3184,24.1442,-0.716,7.3112,6.6129,-9.551,1,37.0465,/home/pbermejo/GeneticImprovement/magpie/_magpie_logs/sat4j_1762429191_FOLD3.log,/home/pbermejo/GeneticImprovement/magpie/_magpie_logs/sat4j_1762509192_FOLD3-val_1762429191_UMDAAlgorithm.log
sat4j,FirstImprovement,None,100,time,5,16.5524,16.1752,-2.279,13.8227,14.7456,6.677,5,38.20453333333333,/home/pbermejo/GeneticImprovement/magpie/_magpie_logs/sat4j_1762429185_FOLD5.log,/home/pbermejo/GeneticImprovement/magpie/_magpie_logs/sat4j_1762778500_FOLD5-val_1762429185_FirstImprovement.log
sat4j,GeneticProgrammingUniformConcat,50,100,time,2,29.5456,27.7181,-6.185,2.9455,2.8869,-1.989,1,37.967616666666665,/home/pbermejo/GeneticImprovement/magpie/_magpie_logs/sat4j_1762429171_FOLD2.log,/home/pbermejo/GeneticImprovement/magpie/_magpie_logs/sat4j_1762509149_FOLD2-val_1762429171_GeneticProgrammingUniformConcat.log
sat4j,GeneticProgrammingUniformConcat,50,100,time,1,29.9538,27.82,-7.124,11.2487,9.8132,-12.761,1,38.70048333333333,/home/pbermejo/GeneticImprovement/magpie/_magpie_logs/sat4j_1762429172_FOLD1.log,/home/pbermejo/GeneticImprovement/magpie/_magpie_logs/sat4j_1762509663_FOLD1-val_1762429172_GeneticProgrammingUniformConcat.log
minisat_hack,GeneticProgrammingUniformConcat,50,500,time,4,6.9958,0.9275,-86.742,0.1305,0.115,-11.877,2,39.86336666666667,/home/pbermejo/GeneticImprovement/magpie/_magpie_logs/minisat_hack_1762429206_FOLD4.log,/home/pbermejo/GeneticImprovement/magpie/_magpie_logs/minisat_hack_1762507576_FOLD4-val_1762429206_GeneticProgrammingUniformConcat.log
sat4j,GeneticProgrammingUniformConcat,50,100,time,4,31.1031,28.9811,-6.822,2.2,2.2218,0.991,1,39.52663333333333,/home/pbermejo/GeneticImprovement/magpie/_magpie_logs/sat4j_1762429173_FOLD4.log,/home/pbermejo/GeneticImprovement/magpie/_magpie_logs/sat4j_1762509147_FOLD4-val_1762429173_GeneticProgrammingUniformConcat.log
minisat_hack,GeneticProgrammingUniformConcat,50,500,time,2,7.1045,1.5618,-78.017,1.7257,1.7733,2.758,2,42.52896666666666,/home/pbermejo/GeneticImprovement/magpie/_magpie_logs/minisat_hack_1762429210_FOLD2.log,/home/pbermejo/GeneticImprovement/magpie/_magpie_logs/minisat_hack_1762507589_FOLD2-val_1762429210_GeneticProgrammingUniformConcat.log
sat4j,UMDAAlgorithm,50,100,time,4,29.8526,28.8858,-3.239,2.1187,2.1047,-0.661,1,41.886783333333334,/home/pbermejo/GeneticImprovement/magpie/_magpie_logs/sat4j_1762429190_FOLD4.log,/home/pbermejo/GeneticImprovement/magpie/_magpie_logs/sat4j_1762509191_FOLD4-val_1762429190_UMDAAlgorithm.log
sat4j,UMDAAlgorithm,50,100,time,1,29.0255,27.8596,-4.017,2.8543,2.9062,1.818,1,42.07131666666667,/home/pbermejo/GeneticImprovement/magpie/_magpie_logs/sat4j_1762429188_FOLD1.log,/home/pbermejo/GeneticImprovement/magpie/_magpie_logs/sat4j_1762509187_FOLD1-val_1762429188_UMDAAlgorithm.log
sat4j,UMDAAlgorithm,50,100,time,2,28.4673,27.6145,-2.996,2.8743,2.8868,0.435,1,42.2109,/home/pbermejo/GeneticImprovement/magpie/_magpie_logs/sat4j_1762429189_FOLD2.log,/home/pbermejo/GeneticImprovement/magpie/_magpie_logs/sat4j_1762509190_FOLD2-val_1762429189_UMDAAlgorithm.log
weka,UMDAAlgorithm,50,100,time,3,37.1414,36.2562,-2.383,11.6229,11.2959,-2.813,1,45.98445,/home/pbermejo/GeneticImprovement/magpie/_magpie_logs/weka_1762429191_FOLD3.log,/home/pbermejo/GeneticImprovement/magpie/_magpie_logs/weka_1762777275_FOLD3-val_1762429191_UMDAAlgorithm.log
weka,GeneticProgrammingUniformConcat,50,100,time,3,38.1726,36.7555,-3.712,11.6274,11.0572,-4.904,1,47.8952,/home/pbermejo/GeneticImprovement/magpie/_magpie_logs/weka_1762429177_FOLD3.log,/home/pbermejo/GeneticImprovement/magpie/_magpie_logs/weka_1762510360_FOLD3-val_1762429177_GeneticProgrammingUniformConcat.log
sat4j,FirstImprovement,None,100,time,3,25.229,24.0715,-4.588,6.6259,6.8125,2.816,4,48.35006666666666,/home/pbermejo/GeneticImprovement/magpie/_magpie_logs/sat4j_1762429186_FOLD3.log,/home/pbermejo/GeneticImprovement/magpie/_magpie_logs/sat4j_1762778499_FOLD3-val_1762429186_FirstImprovement.log
weka,GeneticProgrammingUniformConcat,50,100,time,1,38.0517,37.3122,-1.943,11.1078,11.0564,-0.463,1,48.429833333333335,/home/pbermejo/GeneticImprovement/magpie/_magpie_logs/weka_1762429182_FOLD1.log,/home/pbermejo/GeneticImprovement/magpie/_magpie_logs/weka_1762510357_FOLD1-val_1762429182_GeneticProgrammingUniformConcat.log
weka,UMDAAlgorithm,50,100,time,1,37.4335,36.8029,-1.685,10.8411,11.0472,1.901,1,49.23421666666666,/home/pbermejo/GeneticImprovement/magpie/_magpie_logs/weka_1762429190_FOLD1.log,/home/pbermejo/GeneticImprovement/magpie/_magpie_logs/weka_1762777274_FOLD1-val_1762429190_UMDAAlgorithm.log
weka,UMDAAlgorithm,50,100,time,2,40.6396,39.8631,-1.911,8.3233,8.487,1.967,1,49.07333333333334,/home/pbermejo/GeneticImprovement/magpie/_magpie_logs/weka_1762429192_FOLD2.log,/home/pbermejo/GeneticImprovement/magpie/_magpie_logs/weka_1762777277_FOLD2-val_1762429192_UMDAAlgorithm.log
minisat_hack,UMDAAlgorithm,50,500,time,5,1.3786,0.5581,-59.517,0.1451,0.16,10.269,1,31.62795,/home/pbermejo/GeneticImprovement/magpie/_magpie_logs/minisat_hack_1762430430_FOLD5.log,/home/pbermejo/GeneticImprovement/magpie/_magpie_logs/minisat_hack_1762507593_FOLD5-val_1762430430_UMDAAlgorithm.log
weka,UMDAAlgorithm,50,100,time,5,40.2367,39.8268,-1.019,8.6529,8.49,-1.883,1,51.264433333333336,/home/pbermejo/GeneticImprovement/magpie/_magpie_logs/weka_1762429193_FOLD5.log,/home/pbermejo/GeneticImprovement/magpie/_magpie_logs/weka_1762777278_FOLD5-val_1762429193_UMDAAlgorithm.log
weka,GeneticProgrammingUniformConcat,50,100,time,5,40.9719,40.0058,-2.358,8.4691,8.2367,-2.744,1,51.74283333333334,/home/pbermejo/GeneticImprovement/magpie/_magpie_logs/weka_1762429183_FOLD5.log,/home/pbermejo/GeneticImprovement/magpie/_magpie_logs/weka_1762510354_FOLD5-val_1762429183_GeneticProgrammingUniformConcat.log
weka,GeneticProgrammingUniformConcat,50,100,time,2,40.8212,40.1246,-1.706,8.2571,8.2085,-0.589,1,51.7579,/home/pbermejo/GeneticImprovement/magpie/_magpie_logs/weka_1762429194_FOLD2.log,/home/pbermejo/GeneticImprovement/magpie/_magpie_logs/weka_1762510398_FOLD2-val_1762429194_GeneticProgrammingUniformConcat.log
sat4j,GeneticProgrammingUniformConcat,50,250,time,5,16.7121,15.88,-4.979,14.4228,13.6249,-5.532,2,54.766616666666664,/home/pbermejo/GeneticImprovement/magpie/_magpie_logs/sat4j_1762429196_FOLD5.log,/home/pbermejo/GeneticImprovement/magpie/_magpie_logs/sat4j_1762848118_FOLD5-val_1762429196_GeneticProgrammingUniformConcat.log
weka,UMDAAlgorithm,50,100,time,4,43.3068,42.7753,-1.227,6.01,6.0065,-0.058,1,55.00418333333334,/home/pbermejo/GeneticImprovement/magpie/_magpie_logs/weka_1762429195_FOLD4.log,/home/pbermejo/GeneticImprovement/magpie/_magpie_logs/weka_1762777281_FOLD4-val_1762429195_UMDAAlgorithm.log
weka,GeneticProgrammingUniformConcat,50,100,time,4,43.2808,42.9084,-0.86,5.8519,5.7587,-1.593,1,55.084500000000006,/home/pbermejo/GeneticImprovement/magpie/_magpie_logs/weka_1762429189_FOLD4.log,/home/pbermejo/GeneticImprovement/magpie/_magpie_logs/weka_1762510386_FOLD4-val_1762429189_GeneticProgrammingUniformConcat.log
minisat_hack,FirstImprovement,None,500,time,3,7.057,0.8551,-87.883,0.0973,0.1185,21.788,3,50.55863333333333,/home/pbermejo/GeneticImprovement/magpie/_magpie_logs/minisat_hack_1762429655_FOLD3.log,/home/pbermejo/GeneticImprovement/magpie/_magpie_logs/minisat_hack_1762507588_FOLD3-val_1762429655_FirstImprovement.log
minisat_hack,FirstImprovement,None,500,time,1,7.5919,0.8112,-89.315,0.1065,0.1338,25.634,5,52.39706666666667,/home/pbermejo/GeneticImprovement/magpie/_magpie_logs/minisat_hack_1762429555_FOLD1.log,/home/pbermejo/GeneticImprovement/magpie/_magpie_logs/minisat_hack_1762507585_FOLD1-val_1762429555_FirstImprovement.log
sat4j,FirstImprovement,None,100,time,2,28.8175,27.9262,-3.093,2.8227,2.8937,2.515,2,59.016666666666666,/home/pbermejo/GeneticImprovement/magpie/_magpie_logs/sat4j_1762429183_FOLD2.log,/home/pbermejo/GeneticImprovement/magpie/_magpie_logs/sat4j_1762778498_FOLD2-val_1762429183_FirstImprovement.log
sat4j,FirstImprovement,None,100,time,1,28.3475,28.1438,-0.719,2.8693,2.8398,-1.028,3,59.63896666666667,/home/pbermejo/GeneticImprovement/magpie/_magpie_logs/sat4j_1762429184_FOLD1.log,/home/pbermejo/GeneticImprovement/magpie/_magpie_logs/sat4j_1762778497_FOLD1-val_1762429184_FirstImprovement.log
sat4j,FirstImprovement,None,100,time,4,30.0244,28.8437,-3.932,2.1232,2.1443,0.994,5,59.86131666666667,/home/pbermejo/GeneticImprovement/magpie/_magpie_logs/sat4j_1762429187_FOLD4.log,/home/pbermejo/GeneticImprovement/magpie/_magpie_logs/sat4j_1762778501_FOLD4-val_1762429187_FirstImprovement.log
minisat_hack,UMDAAlgorithm,50,500,time,3,13.2806,1.0773,-91.888,0.1214,0.1386,14.168,2,42.23561666666667,/home/pbermejo/GeneticImprovement/magpie/_magpie_logs/minisat_hack_1762430322_FOLD3.log,/home/pbermejo/GeneticImprovement/magpie/_magpie_logs/minisat_hack_1762507592_FOLD3-val_1762430322_UMDAAlgorithm.log
minisat_hack,UMDAAlgorithm,50,500,time,1,7.8889,2.105,-73.317,0.1302,0.1056,-18.894,1,44.5113,/home/pbermejo/GeneticImprovement/magpie/_magpie_logs/minisat_hack_1762430207_FOLD1.log,/home/pbermejo/GeneticImprovement/magpie/_magpie_logs/minisat_hack_1762507587_FOLD1-val_1762430207_UMDAAlgorithm.log
minisat_hack,FirstImprovement,None,500,time,2,9.0181,2.9939,-66.801,0.1224,0.1088,-11.111,2,55.756616666666666,/home/pbermejo/GeneticImprovement/magpie/_magpie_logs/minisat_hack_1762429619_FOLD2.log,/home/pbermejo/GeneticImprovement/magpie/_magpie_logs/minisat_hack_1762507586_FOLD2-val_1762429619_FirstImprovement.log
weka,FirstImprovement,None,100,time,3,37.1144,36.3631,-2.024,11.3813,11.1624,-1.923,4,63.74751666666667,/home/pbermejo/GeneticImprovement/magpie/_magpie_logs/weka_1762429188_FOLD3.log,/home/pbermejo/GeneticImprovement/magpie/_magpie_logs/weka_1762510385_FOLD3-val_1762429188_FirstImprovement.log
weka,FirstImprovement,None,100,time,4,43.4323,42.5132,-2.116,5.9113,5.9368,0.431,6,64.83211666666666,/home/pbermejo/GeneticImprovement/magpie/_magpie_logs/weka_1762429187_FOLD4.log,/home/pbermejo/GeneticImprovement/magpie/_magpie_logs/weka_1762510358_FOLD4-val_1762429187_FirstImprovement.log
weka,FirstImprovement,None,100,time,2,40.58,40.1705,-1.009,8.7194,8.4838,-2.702,4,65.86496666666667,/home/pbermejo/GeneticImprovement/magpie/_magpie_logs/weka_1762429186_FOLD2.log,/home/pbermejo/GeneticImprovement/magpie/_magpie_logs/weka_1762510359_FOLD2-val_1762429186_FirstImprovement.log
sat4j,UMDAAlgorithm,50,250,time,5,16.1814,16.0787,-0.635,24.1396,22.1506,-8.24,1,67.883,/home/pbermejo/GeneticImprovement/magpie/_magpie_logs/sat4j_1762429200_FOLD5.log,/home/pbermejo/GeneticImprovement/magpie/_magpie_logs/sat4j_1762509659_FOLD5-val_1762429200_UMDAAlgorithm.log
minisat_hack,UMDAAlgorithm,50,500,time,4,12.0164,1.0046,-91.64,0.1277,0.1282,0.392,2,49.6103,/home/pbermejo/GeneticImprovement/magpie/_magpie_logs/minisat_hack_1762430352_FOLD4.log,/home/pbermejo/GeneticImprovement/magpie/_magpie_logs/minisat_hack_1762507591_FOLD4-val_1762430352_UMDAAlgorithm.log
weka,FirstImprovement,None,100,time,1,38.87,No better variant found,0,None,0,0,0,68.01771666666667,/home/pbermejo/GeneticImprovement/magpie/_magpie_logs/weka_1762429184_FOLD1.log,None
weka,FirstImprovement,None,100,time,5,40.7639,39.5681,-2.933,8.554,8.4842,-0.816,5,68.25965000000001,/home/pbermejo/GeneticImprovement/magpie/_magpie_logs/weka_1762429185_FOLD5.log,/home/pbermejo/GeneticImprovement/magpie/_magpie_logs/weka_1762510356_FOLD5-val_1762429185_FirstImprovement.log
minisat_hack,UMDAAlgorithm,50,500,time,2,4.0396,1.9693,-51.25,0.1429,0.1067,-25.332,1,52.86216666666667,/home/pbermejo/GeneticImprovement/magpie/_magpie_logs/minisat_hack_1762430308_FOLD2.log,/home/pbermejo/GeneticImprovement/magpie/_magpie_logs/minisat_hack_1762507590_FOLD2-val_1762430308_UMDAAlgorithm.log
sat4j,GeneticProgrammingUniformConcat,50,250,time,3,24.7893,23.7317,-4.266,6.387,6.6025,3.374,5,73.64696666666667,/home/pbermejo/GeneticImprovement/magpie/_magpie_logs/sat4j_1762429181_FOLD3.log,/home/pbermejo/GeneticImprovement/magpie/_magpie_logs/sat4j_1762848116_FOLD3-val_1762429181_GeneticProgrammingUniformConcat.log
minisat_hack,GeneticProgrammingUniformConcat,50,750,time,5,2.3221,0.8377,-63.925,0.1996,0.1022,-48.798,1,39.574200000000005,/home/pbermejo/GeneticImprovement/magpie/_magpie_logs/minisat_hack_1762431815_FOLD5.log,/home/pbermejo/GeneticImprovement/magpie/_magpie_logs/minisat_hack_1762507603_FOLD5-val_1762431815_GeneticProgrammingUniformConcat.log
sat4j,GeneticProgrammingUniformConcat,50,250,time,1,30.2969,27.9971,-7.591,2.9071,2.877,-1.035,1,82.25273333333332,/home/pbermejo/GeneticImprovement/magpie/_magpie_logs/sat4j_1762429195_FOLD1.log,/home/pbermejo/GeneticImprovement/magpie/_magpie_logs/sat4j_1762848120_FOLD1-val_1762429195_GeneticProgrammingUniformConcat.log
sat4j,GeneticProgrammingUniformConcat,50,250,time,4,29.9786,28.8669,-3.708,2.0902,2.1318,1.99,2,82.71005,/home/pbermejo/GeneticImprovement/magpie/_magpie_logs/sat4j_1762429194_FOLD4.log,/home/pbermejo/GeneticImprovement/magpie/_magpie_logs/sat4j_1762848119_FOLD4-val_1762429194_GeneticProgrammingUniformConcat.log
sat4j,UMDAAlgorithm,50,250,time,3,24.1117,23.6016,-2.116,6.4808,6.304,-2.728,1,85.57203333333334,/home/pbermejo/GeneticImprovement/magpie/_magpie_logs/sat4j_1762429202_FOLD3.log,/home/pbermejo/GeneticImprovement/magpie/_magpie_logs/sat4j_1762509226_FOLD3-val_1762429202_UMDAAlgorithm.log
minisat_hack,GeneticProgrammingUniformConcat,50,750,time,3,7.8764,0.9599,-87.813,9.6232,14.2991,48.59,2,45.935383333333334,/home/pbermejo/GeneticImprovement/magpie/_magpie_logs/minisat_hack_1762431672_FOLD3.log,/home/pbermejo/GeneticImprovement/magpie/_magpie_logs/minisat_hack_1762507608_FOLD3-val_1762431672_GeneticProgrammingUniformConcat.log
sat4j,GeneticProgrammingUniformConcat,50,250,time,2,29.3597,27.8089,-5.282,2.799,2.8216,0.807,1,90.41078333333333,/home/pbermejo/GeneticImprovement/magpie/_magpie_logs/sat4j_1762429193_FOLD2.log,/home/pbermejo/GeneticImprovement/magpie/_magpie_logs/sat4j_1762848117_FOLD2-val_1762429193_GeneticProgrammingUniformConcat.log
sat4j,FirstImprovement,None,250,time,5,16.8025,16.1888,-3.652,14.219,13.6004,-4.351,7,97.2625,/home/pbermejo/GeneticImprovement/magpie/_magpie_logs/sat4j_1762429178_FOLD5.log,/home/pbermejo/GeneticImprovement/magpie/_magpie_logs/sat4j_1762509150_FOLD5-val_1762429178_FirstImprovement.log
pngOptim,UMDAAlgorithm,50,100,time,4,88.3199,87.8303,-0.554,70.5039,70.5057,0.003,1,96.17725,/home/pbermejo/GeneticImprovement/magpie/_magpie_logs/pngOptim_1762429186_FOLD4.log,/home/pbermejo/GeneticImprovement/magpie/_magpie_logs/pngOptim_1762773183_FOLD4-val_1762429186_UMDAAlgorithm.log
sat4j,UMDAAlgorithm,50,250,time,1,28.8593,27.9026,-3.315,3.017,3.0677,1.68,2,100.41961666666666,/home/pbermejo/GeneticImprovement/magpie/_magpie_logs/sat4j_1762429182_FOLD1.log,/home/pbermejo/GeneticImprovement/magpie/_magpie_logs/sat4j_1762509153_FOLD1-val_1762429182_UMDAAlgorithm.log
sat4j,UMDAAlgorithm,50,250,time,4,30.5614,28.341,-7.265,2.0897,2.1165,1.282,2,101.91183333333333,/home/pbermejo/GeneticImprovement/magpie/_magpie_logs/sat4j_1762429203_FOLD4.log,/home/pbermejo/GeneticImprovement/magpie/_magpie_logs/sat4j_1762509228_FOLD4-val_1762429203_UMDAAlgorithm.log
pngOptim,GeneticProgrammingUniformConcat,50,100,time,5,87.5417,87.4827,-0.067,46.5311,48.0659,3.298,1,103.26041666666667,/home/pbermejo/GeneticImprovement/magpie/_magpie_logs/pngOptim_1762429183_FOLD5.log,/home/pbermejo/GeneticImprovement/magpie/_magpie_logs/pngOptim_1762501537_FOLD5-val_1762429183_GeneticProgrammingUniformConcat.log
pngOptim,UMDAAlgorithm,50,100,time,5,87.5521,87.4572,-0.108,71.3186,71.075,-0.342,1,103.29995000000001,/home/pbermejo/GeneticImprovement/magpie/_magpie_logs/pngOptim_1762429193_FOLD5.log,/home/pbermejo/GeneticImprovement/magpie/_magpie_logs/pngOptim_1762773186_FOLD5-val_1762429193_UMDAAlgorithm.log
sat4j,UMDAAlgorithm,50,250,time,2,28.562,27.9138,-2.269,2.8729,2.8787,0.202,1,105.96786666666667,/home/pbermejo/GeneticImprovement/magpie/_magpie_logs/sat4j_1762429201_FOLD2.log,/home/pbermejo/GeneticImprovement/magpie/_magpie_logs/sat4j_1762509208_FOLD2-val_1762429201_UMDAAlgorithm.log
pngOptim,GeneticProgrammingUniformConcat,50,100,time,4,87.9401,87.857,-0.094,45.7882,47.5755,3.903,2,103.70836666666668,/home/pbermejo/GeneticImprovement/magpie/_magpie_logs/pngOptim_1762429176_FOLD4.log,/home/pbermejo/GeneticImprovement/magpie/_magpie_logs/pngOptim_1762501539_FOLD4-val_1762429176_GeneticProgrammingUniformConcat.log
minisat_hack,GeneticProgrammingUniformConcat,50,750,time,1,13.0904,2.013,-84.622,0.6178,0.523,-15.345,4,70.14071666666668,/home/pbermejo/GeneticImprovement/magpie/_magpie_logs/minisat_hack_1762431619_FOLD1.log,/home/pbermejo/GeneticImprovement/magpie/_magpie_logs/minisat_hack_1762507594_FOLD1-val_1762431619_GeneticProgrammingUniformConcat.log
weka,GeneticProgrammingUniformConcat,50,250,time,1,38.144,37.1609,-2.577,10.8456,10.6668,-1.649,2,111.46556666666667,/home/pbermejo/GeneticImprovement/magpie/_magpie_logs/weka_1762429172_FOLD1.log,/home/pbermejo/GeneticImprovement/magpie/_magpie_logs/weka_1762848119_FOLD1-val_1762429172_GeneticProgrammingUniformConcat.log
weka,UMDAAlgorithm,50,250,time,3,37.3269,36.2017,-3.014,11.5902,11.5634,-0.231,2,111.87051666666666,/home/pbermejo/GeneticImprovement/magpie/_magpie_logs/weka_1762429201_FOLD3.log,/home/pbermejo/GeneticImprovement/magpie/_magpie_logs/weka_1762777279_FOLD3-val_1762429201_UMDAAlgorithm.log
weka,GeneticProgrammingUniformConcat,50,250,time,3,37.1787,36.6142,-1.518,11.2955,10.9311,-3.226,2,113.49626666666667,/home/pbermejo/GeneticImprovement/magpie/_magpie_logs/weka_1762429173_FOLD3.log,/home/pbermejo/GeneticImprovement/magpie/_magpie_logs/weka_1762848122_FOLD3-val_1762429173_GeneticProgrammingUniformConcat.log
weka,UMDAAlgorithm,50,250,time,1,37.9121,36.852,-2.796,11.2466,10.9976,-2.214,2,114.119,/home/pbermejo/GeneticImprovement/magpie/_magpie_logs/weka_1762429202_FOLD1.log,/home/pbermejo/GeneticImprovement/magpie/_magpie_logs/weka_1762777282_FOLD1-val_1762429202_UMDAAlgorithm.log
weka,GeneticProgrammingUniformConcat,50,250,time,2,40.6393,39.7752,-2.126,8.1811,8.0664,-1.402,4,114.62663333333333,/home/pbermejo/GeneticImprovement/magpie/_magpie_logs/weka_1762429175_FOLD2.log,/home/pbermejo/GeneticImprovement/magpie/_magpie_logs/weka_1762848121_FOLD2-val_1762429175_GeneticProgrammingUniformConcat.log
minisat_hack,FirstImprovement,None,750,time,1,10.4183,0.9103,-91.262,0.1201,0.2077,72.939,6,59.987049999999996,/home/pbermejo/GeneticImprovement/magpie/_magpie_logs/minisat_hack_1762432719_FOLD1.log,/home/pbermejo/GeneticImprovement/magpie/_magpie_logs/minisat_hack_1762776320_FOLD1-val_1762432719_FirstImprovement.log
minisat_hack,GeneticProgrammingUniformConcat,50,750,time,4,12.1474,1.692,-86.071,0.1309,0.0471,-64.018,3,76.95048333333334,/home/pbermejo/GeneticImprovement/magpie/_magpie_logs/minisat_hack_1762431796_FOLD4.log,/home/pbermejo/GeneticImprovement/magpie/_magpie_logs/minisat_hack_1762507602_FOLD4-val_1762431796_GeneticProgrammingUniformConcat.log
sat4j,GeneticProgrammingUniformConcat,50,500,time,5,16.5668,15.9013,-4.017,13.3475,13.7217,2.804,2,124.44116666666667,/home/pbermejo/GeneticImprovement/magpie/_magpie_logs/sat4j_1762429210_FOLD5.log,/home/pbermejo/GeneticImprovement/magpie/_magpie_logs/sat4j_1762849317_FOLD5-val_1762429210_GeneticProgrammingUniformConcat.log
weka,UMDAAlgorithm,50,250,time,5,40.3478,39.6846,-1.644,8.5387,8.2911,-2.9,2,123.87411666666667,/home/pbermejo/GeneticImprovement/magpie/_magpie_logs/weka_1762429200_FOLD5.log,/home/pbermejo/GeneticImprovement/magpie/_magpie_logs/weka_1762777283_FOLD5-val_1762429200_UMDAAlgorithm.log
minisat_hack,GeneticProgrammingUniformConcat,50,750,time,2,14.0143,2.2588,-83.882,0.1149,0.1504,30.896,5,85.54901666666666,/home/pbermejo/GeneticImprovement/magpie/_magpie_logs/minisat_hack_1762431636_FOLD2.log,/home/pbermejo/GeneticImprovement/magpie/_magpie_logs/minisat_hack_1762507595_FOLD2-val_1762431636_GeneticProgrammingUniformConcat.log
weka,GeneticProgrammingUniformConcat,50,250,time,4,44.3237,42.78,-3.483,5.9295,5.9653,0.604,2,125.64576666666667,/home/pbermejo/GeneticImprovement/magpie/_magpie_logs/weka_1762429174_FOLD4.log,/home/pbermejo/GeneticImprovement/magpie/_magpie_logs/weka_1762848120_FOLD4-val_1762429174_GeneticProgrammingUniformConcat.log
minisat_hack,FirstImprovement,None,750,time,3,10.9405,0.7881,-92.796,0.156,0.0687,-55.962,3,66.24601666666666,/home/pbermejo/GeneticImprovement/magpie/_magpie_logs/minisat_hack_1762432840_FOLD3.log,/home/pbermejo/GeneticImprovement/magpie/_magpie_logs/minisat_hack_1762776317_FOLD3-val_1762432840_FirstImprovement.log
weka,GeneticProgrammingUniformConcat,50,250,time,5,44.4362,42.2543,-4.91,8.2256,7.8932,-4.041,3,125.81091666666666,/home/pbermejo/GeneticImprovement/magpie/_magpie_logs/weka_1762429171_FOLD5.log,/home/pbermejo/GeneticImprovement/magpie/_magpie_logs/weka_1762848123_FOLD5-val_1762429171_GeneticProgrammingUniformConcat.log
weka,UMDAAlgorithm,50,250,time,2,41.0391,39.7218,-3.21,8.3063,8.4372,1.576,1,127.32305,/home/pbermejo/GeneticImprovement/magpie/_magpie_logs/weka_1762429203_FOLD2.log,/home/pbermejo/GeneticImprovement/magpie/_magpie_logs/weka_1762777276_FOLD2-val_1762429203_UMDAAlgorithm.log
pngOptim,GeneticProgrammingUniformConcat,50,100,time,2,106.58,No better variant found,0,None,0,0,0,125.15345,/home/pbermejo/GeneticImprovement/magpie/_magpie_logs/pngOptim_1762429182_FOLD2.log,None
weka,UMDAAlgorithm,50,250,time,4,43.6888,42.6884,-2.29,6.0076,5.9228,-1.412,2,128.16213333333334,/home/pbermejo/GeneticImprovement/magpie/_magpie_logs/weka_1762429204_FOLD4.log,/home/pbermejo/GeneticImprovement/magpie/_magpie_logs/weka_1762777280_FOLD4-val_1762429204_UMDAAlgorithm.log
sat4j,FirstImprovement,None,250,time,3,24.7075,23.5889,-4.527,6.6704,7.1129,6.634,5,132.35031666666666,/home/pbermejo/GeneticImprovement/magpie/_magpie_logs/sat4j_1762429176_FOLD3.log,/home/pbermejo/GeneticImprovement/magpie/_magpie_logs/sat4j_1762509156_FOLD3-val_1762429176_FirstImprovement.log
pngOptim,UMDAAlgorithm,50,100,time,2,106.5442,106.44,-0.098,43.845,41.9541,-4.313,1,128.76578333333333,/home/pbermejo/GeneticImprovement/magpie/_magpie_logs/pngOptim_1762429190_FOLD2.log,/home/pbermejo/GeneticImprovement/magpie/_magpie_logs/pngOptim_1762773185_FOLD2-val_1762429190_UMDAAlgorithm.log
minisat_hack,FirstImprovement,None,750,time,2,10.4229,0.8561,-91.786,0.1492,0.067,-55.094,4,79.74241666666667,/home/pbermejo/GeneticImprovement/magpie/_magpie_logs/minisat_hack_1762432750_FOLD2.log,/home/pbermejo/GeneticImprovement/magpie/_magpie_logs/minisat_hack_1762776319_FOLD2-val_1762432750_FirstImprovement.log
minisat_hack,FirstImprovement,None,750,time,4,7.9528,1.6802,-78.873,0.1186,0.0426,-64.081,2,78.33428333333333,/home/pbermejo/GeneticImprovement/magpie/_magpie_logs/minisat_hack_1762432877_FOLD4.log,/home/pbermejo/GeneticImprovement/magpie/_magpie_logs/minisat_hack_1762776318_FOLD4-val_1762432877_FirstImprovement.log
weka,FirstImprovement,None,250,time,1,38.0471,36.9288,-2.939,11.0117,10.5993,-3.745,8,139.68413333333334,/home/pbermejo/GeneticImprovement/magpie/_magpie_logs/weka_1762429180_FOLD1.log,/home/pbermejo/GeneticImprovement/magpie/_magpie_logs/weka_1762776989_FOLD1-val_1762429180_FirstImprovement.log
pngOptim,FirstImprovement,None,100,time,4,87.9737,87.8474,-0.144,43.9569,43.9925,0.081,3,138.22756666666666,/home/pbermejo/GeneticImprovement/magpie/_magpie_logs/pngOptim_1762429187_FOLD4.log,/home/pbermejo/GeneticImprovement/magpie/_magpie_logs/pngOptim_1762775809_FOLD4-val_1762429187_FirstImprovement.log
sat4j,FirstImprovement,None,250,time,2,29.1879,27.8471,-4.594,2.9681,3.0396,2.409,6,143.38521666666665,/home/pbermejo/GeneticImprovement/magpie/_magpie_logs/sat4j_1762429175_FOLD2.log,/home/pbermejo/GeneticImprovement/magpie/_magpie_logs/sat4j_1762509151_FOLD2-val_1762429175_FirstImprovement.log
minisat_hack,UMDAAlgorithm,50,750,time,5,2.05,0.5057,-75.332,0.1949,0.1162,-40.38,2,46.87871666666667,/home/pbermejo/GeneticImprovement/magpie/_magpie_logs/minisat_hack_1762435087_FOLD5.log,/home/pbermejo/GeneticImprovement/magpie/_magpie_logs/minisat_hack_1762507614_FOLD5-val_1762435087_UMDAAlgorithm.log
pngOptim,FirstImprovement,None,100,time,5,87.5331,87.5045,-0.033,44.4592,44.4205,-0.087,3,145.22041666666667,/home/pbermejo/GeneticImprovement/magpie/_magpie_logs/pngOptim_1762429189_FOLD5.log,/home/pbermejo/GeneticImprovement/magpie/_magpie_logs/pngOptim_1762775812_FOLD5-val_1762429189_FirstImprovement.log
minisat_hack,UMDAAlgorithm,50,750,time,3,4.0752,1.1237,-72.426,3.0222,2.1432,-29.085,1,62.181583333333336,/home/pbermejo/GeneticImprovement/magpie/_magpie_logs/minisat_hack_1762434476_FOLD3.log,/home/pbermejo/GeneticImprovement/magpie/_magpie_logs/minisat_hack_1762507610_FOLD3-val_1762434476_UMDAAlgorithm.log
sat4j,FirstImprovement,None,250,time,1,29.1074,27.6792,-4.907,3.0544,3.0453,-0.298,3,150.93055,/home/pbermejo/GeneticImprovement/magpie/_magpie_logs/sat4j_1762429177_FOLD1.log,/home/pbermejo/GeneticImprovement/magpie/_magpie_logs/sat4j_1762509158_FOLD1-val_1762429177_FirstImprovement.log
sat4j,FirstImprovement,None,250,time,4,29.567,28.5454,-3.455,2.198,2.2084,0.473,3,153.23788333333331,/home/pbermejo/GeneticImprovement/magpie/_magpie_logs/sat4j_1762429179_FOLD4.log,/home/pbermejo/GeneticImprovement/magpie/_magpie_logs/sat4j_1762509155_FOLD4-val_1762429179_FirstImprovement.log
minisat_hack,UMDAAlgorithm,50,750,time,1,8.766,3.4749,-60.359,0.1304,0.1283,-1.61,2,71.58445,/home/pbermejo/GeneticImprovement/magpie/_magpie_logs/minisat_hack_1762434265_FOLD1.log,/home/pbermejo/GeneticImprovement/magpie/_magpie_logs/minisat_hack_1762507609_FOLD1-val_1762434265_UMDAAlgorithm.log
sat4j,UMDAAlgorithm,50,500,time,5,16.881,16.1219,-4.497,13.6908,13.5698,-0.884,2,139.14221666666666,/home/pbermejo/GeneticImprovement/magpie/_magpie_logs/sat4j_1762430179_FOLD5.log,/home/pbermejo/GeneticImprovement/magpie/_magpie_logs/sat4j_1762509274_FOLD5-val_1762430179_UMDAAlgorithm.log
pngOptim,GeneticProgrammingUniformConcat,50,100,time,1,133.1098,132.9756,-0.101,12.8342,12.051,-6.102,2,155.62055,/home/pbermejo/GeneticImprovement/magpie/_magpie_logs/pngOptim_1762429177_FOLD1.log,/home/pbermejo/GeneticImprovement/magpie/_magpie_logs/pngOptim_1762501529_FOLD1-val_1762429177_GeneticProgrammingUniformConcat.log
minisat_hack,UMDAAlgorithm,50,750,time,4,11.8373,1.1058,-90.658,0.1286,0.175,36.081,2,70.52265000000001,/home/pbermejo/GeneticImprovement/magpie/_magpie_logs/minisat_hack_1762434723_FOLD4.log,/home/pbermejo/GeneticImprovement/magpie/_magpie_logs/minisat_hack_1762507611_FOLD4-val_1762434723_UMDAAlgorithm.log
weka,FirstImprovement,None,250,time,3,37.5054,36.5345,-2.589,11.3212,10.8723,-3.965,8,162.4906,/home/pbermejo/GeneticImprovement/magpie/_magpie_logs/weka_1762429179_FOLD3.log,/home/pbermejo/GeneticImprovement/magpie/_magpie_logs/weka_1762776986_FOLD3-val_1762429179_FirstImprovement.log
pngOptim,UMDAAlgorithm,50,100,time,1,133.0452,132.941,-0.078,11.3342,10.2776,-9.322,1,157.857,/home/pbermejo/GeneticImprovement/magpie/_magpie_logs/pngOptim_1762429191_FOLD1.log,/home/pbermejo/GeneticImprovement/magpie/_magpie_logs/pngOptim_1762773184_FOLD1-val_1762429191_UMDAAlgorithm.log
pngOptim,UMDAAlgorithm,50,100,time,3,137.2493,137.1322,-0.085,1.415,1.129,-20.212,2,158.1076833333333,/home/pbermejo/GeneticImprovement/magpie/_magpie_logs/pngOptim_1762429192_FOLD3.log,/home/pbermejo/GeneticImprovement/magpie/_magpie_logs/pngOptim_1762773187_FOLD3-val_1762429192_UMDAAlgorithm.log
weka,FirstImprovement,None,250,time,5,41.5357,40.2415,-3.116,8.3601,8.0941,-3.182,8,163.68401666666665,/home/pbermejo/GeneticImprovement/magpie/_magpie_logs/weka_1762429181_FOLD5.log,/home/pbermejo/GeneticImprovement/magpie/_magpie_logs/weka_1762776987_FOLD5-val_1762429181_FirstImprovement.log
minisat_hack,UMDAAlgorithm,50,750,time,2,16.9793,1.5662,-90.776,1.7496,1.2735,-27.212,1,78.30436666666667,/home/pbermejo/GeneticImprovement/magpie/_magpie_logs/minisat_hack_1762434441_FOLD2.log,/home/pbermejo/GeneticImprovement/magpie/_magpie_logs/minisat_hack_1762507612_FOLD2-val_1762434441_UMDAAlgorithm.log
pngOptim,GeneticProgrammingUniformConcat,50,100,time,3,137.2663,137.1716,-0.069,3.0318,2.7916,-7.923,1,160.46883333333332,/home/pbermejo/GeneticImprovement/magpie/_magpie_logs/pngOptim_1762429181_FOLD3.log,/home/pbermejo/GeneticImprovement/magpie/_magpie_logs/pngOptim_1762501534_FOLD3-val_1762429181_GeneticProgrammingUniformConcat.log
sat4j,GeneticProgrammingUniformConcat,50,500,time,3,25.1745,24.0221,-4.578,6.6093,6.6592,0.755,2,167.4851,/home/pbermejo/GeneticImprovement/magpie/_magpie_logs/sat4j_1762429206_FOLD3.log,/home/pbermejo/GeneticImprovement/magpie/_magpie_logs/sat4j_1762849316_FOLD3-val_1762429206_GeneticProgrammingUniformConcat.log
sat4j,GeneticProgrammingUniformConcat,50,500,time,2,28.1893,27.9255,-0.936,2.8573,2.8456,-0.409,2,169.03821666666667,/home/pbermejo/GeneticImprovement/magpie/_magpie_logs/sat4j_1762429205_FOLD2.log,/home/pbermejo/GeneticImprovement/magpie/_magpie_logs/sat4j_1762849320_FOLD2-val_1762429205_GeneticProgrammingUniformConcat.log
weka,FirstImprovement,None,250,time,4,44.1503,42.6376,-3.426,5.6781,5.7712,1.64,10,170.5011333333333,/home/pbermejo/GeneticImprovement/magpie/_magpie_logs/weka_1762429178_FOLD4.log,/home/pbermejo/GeneticImprovement/magpie/_magpie_logs/weka_1762776985_FOLD4-val_1762429178_FirstImprovement.log
weka,FirstImprovement,None,250,time,2,40.8547,39.7858,-2.616,8.4776,8.1778,-3.536,8,175.69651666666667,/home/pbermejo/GeneticImprovement/magpie/_magpie_logs/weka_1762429176_FOLD2.log,/home/pbermejo/GeneticImprovement/magpie/_magpie_logs/weka_1762776988_FOLD2-val_1762429176_FirstImprovement.log
pngOptim,FirstImprovement,None,100,time,2,106.5417,106.4567,-0.08,27.5732,27.6173,0.16,3,177.71828333333332,/home/pbermejo/GeneticImprovement/magpie/_magpie_logs/pngOptim_1762429184_FOLD2.log,/home/pbermejo/GeneticImprovement/magpie/_magpie_logs/pngOptim_1762775808_FOLD2-val_1762429184_FirstImprovement.log
sat4j,FirstImprovement,None,500,time,5,16.5961,15.9217,-4.064,13.7041,13.4577,-1.798,5,182.64084999999997,/home/pbermejo/GeneticImprovement/magpie/_magpie_logs/sat4j_1762429545_FOLD5.log,/home/pbermejo/GeneticImprovement/magpie/_magpie_logs/sat4j_1762509249_FOLD5-val_1762429545_FirstImprovement.log
sat4j,GeneticProgrammingUniformConcat,50,500,time,4,30.5162,28.7954,-5.639,2.154,2.1349,-0.887,2,189.48173333333335,/home/pbermejo/GeneticImprovement/magpie/_magpie_logs/sat4j_1762429207_FOLD4.log,/home/pbermejo/GeneticImprovement/magpie/_magpie_logs/sat4j_1762849318_FOLD4-val_1762429207_GeneticProgrammingUniformConcat.log
minisat_hack,GeneticProgrammingUniformConcat,50,1000,time,5,4.9586,0.5845,-88.212,0.1502,0.1558,3.728,6,66.42385,/home/pbermejo/GeneticImprovement/magpie/_magpie_logs/minisat_hack_1762436866_FOLD5.log,/home/pbermejo/GeneticImprovement/magpie/_magpie_logs/minisat_hack_1762507626_FOLD5-val_1762436866_GeneticProgrammingUniformConcat.log
sat4j,GeneticProgrammingUniformConcat,50,500,time,1,29.1138,27.431,-5.78,2.8173,2.8588,1.473,4,197.18603333333334,/home/pbermejo/GeneticImprovement/magpie/_magpie_logs/sat4j_1762429204_FOLD1.log,/home/pbermejo/GeneticImprovement/magpie/_magpie_logs/sat4j_1762849319_FOLD1-val_1762429204_GeneticProgrammingUniformConcat.log
sat4j,UMDAAlgorithm,50,500,time,3,24.9485,23.9763,-3.897,6.66,6.5984,-0.925,2,185.75205,/home/pbermejo/GeneticImprovement/magpie/_magpie_logs/sat4j_1762430072_FOLD3.log,/home/pbermejo/GeneticImprovement/magpie/_magpie_logs/sat4j_1762509271_FOLD3-val_1762430072_UMDAAlgorithm.log
minisat_hack,GeneticProgrammingUniformConcat,50,1000,time,4,13.1811,0.9021,-93.156,0.1251,0.1566,25.18,5,76.82568333333333,/home/pbermejo/GeneticImprovement/magpie/_magpie_logs/minisat_hack_1762436857_FOLD4.log,/home/pbermejo/GeneticImprovement/magpie/_magpie_logs/minisat_hack_1762507625_FOLD4-val_1762436857_GeneticProgrammingUniformConcat.log
minisat_hack,GeneticProgrammingUniformConcat,50,1000,time,2,14.913,0.5834,-96.088,0.097,0.1551,59.897,4,81.53246666666668,/home/pbermejo/GeneticImprovement/magpie/_magpie_logs/minisat_hack_1762436774_FOLD2.log,/home/pbermejo/GeneticImprovement/magpie/_magpie_logs/minisat_hack_1762507622_FOLD2-val_1762436774_GeneticProgrammingUniformConcat.log
minisat_hack,GeneticProgrammingUniformConcat,50,1000,time,3,12.4721,1.0378,-91.679,0.1221,0.1304,6.798,4,82.08588333333334,/home/pbermejo/GeneticImprovement/magpie/_magpie_logs/minisat_hack_1762436831_FOLD3.log,/home/pbermejo/GeneticImprovement/magpie/_magpie_logs/minisat_hack_1762507624_FOLD3-val_1762436831_GeneticProgrammingUniformConcat.log
weka,GeneticProgrammingUniformConcat,50,500,time,3,37.2461,36.0986,-3.081,11.2355,11.1863,-0.438,2,210.60170000000002,/home/pbermejo/GeneticImprovement/magpie/_magpie_logs/weka_1762429208_FOLD3.log,/home/pbermejo/GeneticImprovement/magpie/_magpie_logs/weka_1762510434_FOLD3-val_1762429208_GeneticProgrammingUniformConcat.log
minisat_hack,GeneticProgrammingUniformConcat,50,1000,time,1,12.5623,1.2433,-90.103,0.1299,0.1675,28.945,8,90.22858333333333,/home/pbermejo/GeneticImprovement/magpie/_magpie_logs/minisat_hack_1762436751_FOLD1.log,/home/pbermejo/GeneticImprovement/magpie/_magpie_logs/minisat_hack_1762507623_FOLD1-val_1762436751_GeneticProgrammingUniformConcat.log
sat4j,UMDAAlgorithm,50,500,time,1,28.8716,27.6748,-4.145,2.9258,3.0117,2.936,2,207.84015,/home/pbermejo/GeneticImprovement/magpie/_magpie_logs/sat4j_1762429848_FOLD1.log,/home/pbermejo/GeneticImprovement/magpie/_magpie_logs/sat4j_1762509255_FOLD1-val_1762429848_UMDAAlgorithm.log
pngOptim,FirstImprovement,None,100,time,1,135.071,132.929,-1.586,4.4542,4.442,-0.274,8,214.87748333333332,/home/pbermejo/GeneticImprovement/magpie/_magpie_logs/pngOptim_1762429185_FOLD1.log,/home/pbermejo/GeneticImprovement/magpie/_magpie_logs/pngOptim_1762775811_FOLD1-val_1762429185_FirstImprovement.log
pngOptim,GeneticProgrammingUniformConcat,50,250,time,4,87.9211,87.8042,-0.133,46.2375,47.7502,3.272,3,217.84643333333332,/home/pbermejo/GeneticImprovement/magpie/_magpie_logs/pngOptim_1762429173_FOLD4.log,/home/pbermejo/GeneticImprovement/magpie/_magpie_logs/pngOptim_1762501533_FOLD4-val_1762429173_GeneticProgrammingUniformConcat.log
minisat_hack,FirstImprovement,None,1000,time,2,5.6229,0.8545,-84.803,0.433,0.1858,-57.09,12,68.13906666666666,/home/pbermejo/GeneticImprovement/magpie/_magpie_logs/minisat_hack_1762438602_FOLD2.log,/home/pbermejo/GeneticImprovement/magpie/_magpie_logs/minisat_hack_1762507628_FOLD2-val_1762438602_FirstImprovement.log
sat4j,UMDAAlgorithm,50,500,time,4,30.0283,28.7081,-4.397,7.4908,7.8122,4.291,1,210.32276666666667,/home/pbermejo/GeneticImprovement/magpie/_magpie_logs/sat4j_1762430117_FOLD4.log,/home/pbermejo/GeneticImprovement/magpie/_magpie_logs/sat4j_1762509660_FOLD4-val_1762430117_UMDAAlgorithm.log
sat4j,UMDAAlgorithm,50,500,time,2,29.3116,27.6083,-5.811,2.9408,2.918,-0.775,2,213.70663333333331,/home/pbermejo/GeneticImprovement/magpie/_magpie_logs/sat4j_1762429972_FOLD2.log,/home/pbermejo/GeneticImprovement/magpie/_magpie_logs/sat4j_1762509266_FOLD2-val_1762429972_UMDAAlgorithm.log
weka,GeneticProgrammingUniformConcat,50,500,time,1,37.7218,36.7535,-2.567,10.6576,10.891,2.19,4,227.29326666666665,/home/pbermejo/GeneticImprovement/magpie/_magpie_logs/weka_1762429207_FOLD1.log,/home/pbermejo/GeneticImprovement/magpie/_magpie_logs/weka_1762510423_FOLD1-val_1762429207_GeneticProgrammingUniformConcat.log
pngOptim,GeneticProgrammingUniformConcat,50,250,time,5,87.5252,87.4771,-0.055,48.1783,46.6717,-3.127,2,227.46056666666667,/home/pbermejo/GeneticImprovement/magpie/_magpie_logs/pngOptim_1762429172_FOLD5.log,/home/pbermejo/GeneticImprovement/magpie/_magpie_logs/pngOptim_1762501531_FOLD5-val_1762429172_GeneticProgrammingUniformConcat.log
pngOptim,FirstImprovement,None,100,time,3,137.3078,137.1772,-0.095,0.7489,0.7476,-0.174,5,225.54648333333336,/home/pbermejo/GeneticImprovement/magpie/_magpie_logs/pngOptim_1762429188_FOLD3.log,/home/pbermejo/GeneticImprovement/magpie/_magpie_logs/pngOptim_1762775810_FOLD3-val_1762429188_FirstImprovement.log
weka,GeneticProgrammingUniformConcat,50,500,time,5,40.5292,39.43,-2.712,8.053,7.9916,-0.762,4,230.92296666666667,/home/pbermejo/GeneticImprovement/magpie/_magpie_logs/weka_1762429206_FOLD5.log,/home/pbermejo/GeneticImprovement/magpie/_magpie_logs/weka_1762510409_FOLD5-val_1762429206_GeneticProgrammingUniformConcat.log
minisat_hack,FirstImprovement,None,1000,time,4,13.4964,0.313,-97.681,0.1307,0.0538,-58.837,15,70.69768333333333,/home/pbermejo/GeneticImprovement/magpie/_magpie_logs/minisat_hack_1762438934_FOLD4.log,/home/pbermejo/GeneticImprovement/magpie/_magpie_logs/minisat_hack_1762507634_FOLD4-val_1762438934_FirstImprovement.log
minisat_hack,FirstImprovement,None,1000,time,1,12.9072,0.8803,-93.18,0.131,0.2571,96.26,7,80.81694999999999,/home/pbermejo/GeneticImprovement/magpie/_magpie_logs/minisat_hack_1762438484_FOLD1.log,/home/pbermejo/GeneticImprovement/magpie/_magpie_logs/minisat_hack_1762507627_FOLD1-val_1762438484_FirstImprovement.log
sat4j,GeneticProgrammingUniformConcat,50,750,time,5,16.5468,15.8286,-4.34,13.2348,13.3111,0.577,3,196.40823333333336,/home/pbermejo/GeneticImprovement/magpie/_magpie_logs/sat4j_1762431575_FOLD5.log,/home/pbermejo/GeneticImprovement/magpie/_magpie_logs/sat4j_1762849323_FOLD5-val_1762431575_GeneticProgrammingUniformConcat.log
weka,GeneticProgrammingUniformConcat,50,500,time,2,40.3275,39.4253,-2.237,8.2563,8.2739,0.213,4,237.64413333333331,/home/pbermejo/GeneticImprovement/magpie/_magpie_logs/weka_1762429205_FOLD2.log,/home/pbermejo/GeneticImprovement/magpie/_magpie_logs/weka_1762510410_FOLD2-val_1762429205_GeneticProgrammingUniformConcat.log
minisat_hack,FirstImprovement,None,1000,time,5,2.0133,0.6453,-67.948,0.1324,0.1298,-1.964,3,78.81325,/home/pbermejo/GeneticImprovement/magpie/_magpie_logs/minisat_hack_1762439002_FOLD5.log,/home/pbermejo/GeneticImprovement/magpie/_magpie_logs/minisat_hack_1762507641_FOLD5-val_1762439002_FirstImprovement.log
pngOptim,UMDAAlgorithm,50,250,time,4,87.9148,87.803,-0.127,70.0415,70.488,0.637,1,243.43591666666669,/home/pbermejo/GeneticImprovement/magpie/_magpie_logs/pngOptim_1762429200_FOLD4.log,/home/pbermejo/GeneticImprovement/magpie/_magpie_logs/pngOptim_1762773192_FOLD4-val_1762429200_UMDAAlgorithm.log
minisat_hack,FirstImprovement,None,1000,time,3,13.6259,1.0975,-91.945,3.7478,9.1029,142.886,6,97.44518333333333,/home/pbermejo/GeneticImprovement/magpie/_magpie_logs/minisat_hack_1762438605_FOLD3.log,/home/pbermejo/GeneticImprovement/magpie/_magpie_logs/minisat_hack_1762508635_FOLD3-val_1762438605_FirstImprovement.log
weka,GeneticProgrammingUniformConcat,50,500,time,4,43.1744,42.2409,-2.162,19.0042,18.0862,-4.831,5,253.5556,/home/pbermejo/GeneticImprovement/magpie/_magpie_logs/weka_1762429209_FOLD4.log,/home/pbermejo/GeneticImprovement/magpie/_magpie_logs/weka_1762510443_FOLD4-val_1762429209_GeneticProgrammingUniformConcat.log
pngOptim,GeneticProgrammingUniformConcat,50,250,time,2,106.5499,106.4463,-0.097,28.8601,29.2035,1.19,2,259.33485,/home/pbermejo/GeneticImprovement/magpie/_magpie_logs/pngOptim_1762429194_FOLD2.log,/home/pbermejo/GeneticImprovement/magpie/_magpie_logs/pngOptim_1762501720_FOLD2-val_1762429194_GeneticProgrammingUniformConcat.log
sat4j,FirstImprovement,None,500,time,3,24.5469,23.46,-4.428,6.6311,6.5296,-1.531,5,265.9983833333333,/home/pbermejo/GeneticImprovement/magpie/_magpie_logs/sat4j_1762429209_FOLD3.log,/home/pbermejo/GeneticImprovement/magpie/_magpie_logs/sat4j_1762509235_FOLD3-val_1762429209_FirstImprovement.log
pngOptim,UMDAAlgorithm,50,250,time,5,87.5627,86.531,-1.178,71.0556,69.5335,-2.142,2,263.5000833333333,/home/pbermejo/GeneticImprovement/magpie/_magpie_logs/pngOptim_1762429203_FOLD5.log,/home/pbermejo/GeneticImprovement/magpie/_magpie_logs/pngOptim_1762773188_FOLD5-val_1762429203_UMDAAlgorithm.log
minisat_hack,UMDAAlgorithm,50,1000,time,5,1.2979,0.4216,-67.517,0.1278,0.4167,226.056,2,63.2968,/home/pbermejo/GeneticImprovement/magpie/_magpie_logs/minisat_hack_1762441967_FOLD5.log,/home/pbermejo/GeneticImprovement/magpie/_magpie_logs/minisat_hack_1762508562_FOLD5-val_1762441967_UMDAAlgorithm.log
minisat_hack,FirstImprovement,None,500,time,5,2.0456,0.7081,-65.384,6.6908,0.4331,-93.527,3,36.99355,/home/pbermejo/GeneticImprovement/magpie/_magpie_logs/minisat_hack_1762443661_FOLD5.log,/home/pbermejo/GeneticImprovement/magpie/_magpie_logs/minisat_hack_1762507650_FOLD5-val_1762443661_FirstImprovement.log
minisat_hack,FirstImprovement,None,500,time,4,11.5775,1.105,-90.456,0.1272,0.051,-59.906,9,45.98056666666666,/home/pbermejo/GeneticImprovement/magpie/_magpie_logs/minisat_hack_1762443483_FOLD4.log,/home/pbermejo/GeneticImprovement/magpie/_magpie_logs/minisat_hack_1762507647_FOLD4-val_1762443483_FirstImprovement.log
sat4j,GeneticProgrammingUniformConcat,50,750,time,3,25.4049,23.6125,-7.055,6.476,6.5725,1.49,4,246.51736666666665,/home/pbermejo/GeneticImprovement/magpie/_magpie_logs/sat4j_1762431509_FOLD3.log,/home/pbermejo/GeneticImprovement/magpie/_magpie_logs/sat4j_1762849325_FOLD3-val_1762431509_GeneticProgrammingUniformConcat.log
sat4j,UMDAAlgorithm,50,750,time,5,16.751,15.9104,-5.018,13.2518,14.0474,6.004,1,202.21381666666667,/home/pbermejo/GeneticImprovement/magpie/_magpie_logs/sat4j_1762434237_FOLD5.log,/home/pbermejo/GeneticImprovement/magpie/_magpie_logs/sat4j_1762509332_FOLD5-val_1762434237_UMDAAlgorithm.log
minisat_hack,UMDAAlgorithm,50,1000,time,3,8.4105,0.9347,-88.887,0.1152,0.0944,-18.056,2,80.4589,/home/pbermejo/GeneticImprovement/magpie/_magpie_logs/minisat_hack_1762441723_FOLD3.log,/home/pbermejo/GeneticImprovement/magpie/_magpie_logs/minisat_hack_1762507644_FOLD3-val_1762441723_UMDAAlgorithm.log
minisat_hack,FirstImprovement,None,750,time,5,1.0161,0.2332,-77.05,0.1603,0.0793,-50.53,3,51.77713333333334,/home/pbermejo/GeneticImprovement/magpie/_magpie_logs/minisat_hack_1762443751_FOLD5.log,/home/pbermejo/GeneticImprovement/magpie/_magpie_logs/minisat_hack_1762776321_FOLD5-val_1762443751_FirstImprovement.log
minisat_hack,UMDAAlgorithm,50,1000,time,2,6.2789,1.4086,-77.566,0.1038,0.0731,-29.576,2,91.327,/home/pbermejo/GeneticImprovement/magpie/_magpie_logs/minisat_hack_1762441523_FOLD2.log,/home/pbermejo/GeneticImprovement/magpie/_magpie_logs/minisat_hack_1762507643_FOLD2-val_1762441523_UMDAAlgorithm.log
sat4j,FirstImprovement,None,500,time,1,28.6439,25.9501,-9.404,2.8915,2.9074,0.55,8,297.5362666666667,/home/pbermejo/GeneticImprovement/magpie/_magpie_logs/sat4j_1762429211_FOLD1.log,/home/pbermejo/GeneticImprovement/magpie/_magpie_logs/sat4j_1762509248_FOLD1-val_1762429211_FirstImprovement.log
sat4j,FirstImprovement,None,500,time,2,28.6582,25.8582,-9.77,2.8388,2.8508,0.423,6,297.8712666666667,/home/pbermejo/GeneticImprovement/magpie/_magpie_logs/sat4j_1762429208_FOLD2.log,/home/pbermejo/GeneticImprovement/magpie/_magpie_logs/sat4j_1762509232_FOLD2-val_1762429208_FirstImprovement.log
minisat_hack,UMDAAlgorithm,50,1000,time,4,10.9777,1.0138,-90.765,0.1049,0.0603,-42.517,2,94.50105,/home/pbermejo/GeneticImprovement/magpie/_magpie_logs/minisat_hack_1762441808_FOLD4.log,/home/pbermejo/GeneticImprovement/magpie/_magpie_logs/minisat_hack_1762507645_FOLD4-val_1762441808_UMDAAlgorithm.log
sat4j,FirstImprovement,None,500,time,4,30.3968,27.1804,-10.581,2.1497,2.111,-1.8,9,303.94235000000003,/home/pbermejo/GeneticImprovement/magpie/_magpie_logs/sat4j_1762429212_FOLD4.log,/home/pbermejo/GeneticImprovement/magpie/_magpie_logs/sat4j_1762509246_FOLD4-val_1762429212_FirstImprovement.log
pngOptim,UMDAAlgorithm,50,250,time,2,106.4848,96.4623,-9.412,44.0102,41.9538,-4.673,2,301.82255,/home/pbermejo/GeneticImprovement/magpie/_magpie_logs/pngOptim_1762429202_FOLD2.log,/home/pbermejo/GeneticImprovement/magpie/_magpie_logs/pngOptim_1762773191_FOLD2-val_1762429202_UMDAAlgorithm.log
sat4j,GeneticProgrammingUniformConcat,50,750,time,2,29.082,25.2843,-13.059,2.8473,2.741,-3.733,4,273.78608333333335,/home/pbermejo/GeneticImprovement/magpie/_magpie_logs/sat4j_1762431491_FOLD2.log,/home/pbermejo/GeneticImprovement/magpie/_magpie_logs/sat4j_1762849322_FOLD2-val_1762431491_GeneticProgrammingUniformConcat.log
minisat_hack,UMDAAlgorithm,50,1000,time,1,6.9751,3.4015,-51.234,0.1295,0.1289,-0.463,2,113.85936666666666,/home/pbermejo/GeneticImprovement/magpie/_magpie_logs/minisat_hack_1762441320_FOLD1.log,/home/pbermejo/GeneticImprovement/magpie/_magpie_logs/minisat_hack_1762507642_FOLD1-val_1762441320_UMDAAlgorithm.log
sat4j,GeneticProgrammingUniformConcat,50,750,time,4,29.3728,28.3012,-3.648,2.1318,2.1183,-0.633,3,278.2816666666667,/home/pbermejo/GeneticImprovement/magpie/_magpie_logs/sat4j_1762431554_FOLD4.log,/home/pbermejo/GeneticImprovement/magpie/_magpie_logs/sat4j_1762849321_FOLD4-val_1762431554_GeneticProgrammingUniformConcat.log
weka,FirstImprovement,None,500,time,1,37.204,36.3169,-2.384,10.7767,10.7191,-0.534,3,318.776,/home/pbermejo/GeneticImprovement/magpie/_magpie_logs/weka_1762429754_FOLD1.log,/home/pbermejo/GeneticImprovement/magpie/_magpie_logs/weka_1762510444_FOLD1-val_1762429754_FirstImprovement.log
sat4j,GeneticProgrammingUniformConcat,50,750,time,1,28.8078,27.7344,-3.726,2.9318,2.8795,-1.784,3,293.6350333333333,/home/pbermejo/GeneticImprovement/magpie/_magpie_logs/sat4j_1762431340_FOLD1.log,/home/pbermejo/GeneticImprovement/magpie/_magpie_logs/sat4j_1762849324_FOLD1-val_1762431340_GeneticProgrammingUniformConcat.log
weka,FirstImprovement,None,500,time,3,37.7248,36.6305,-2.901,11.1302,11.2703,1.259,7,322.41046666666665,/home/pbermejo/GeneticImprovement/magpie/_magpie_logs/weka_1762429794_FOLD3.log,/home/pbermejo/GeneticImprovement/magpie/_magpie_logs/weka_1762510446_FOLD3-val_1762429794_FirstImprovement.log
pngOptim,GeneticProgrammingUniformConcat,50,250,time,1,133.0922,126.1212,-5.238,4.6073,4.5235,-1.819,2,328.55580000000003,/home/pbermejo/GeneticImprovement/magpie/_magpie_logs/pngOptim_1762429195_FOLD1.log,/home/pbermejo/GeneticImprovement/magpie/_magpie_logs/pngOptim_1762501764_FOLD1-val_1762429195_GeneticProgrammingUniformConcat.log
sat4j,FirstImprovement,None,750,time,5,16.7848,15.545,-7.386,13.865,13.4705,-2.845,8,284.4755833333333,/home/pbermejo/GeneticImprovement/magpie/_magpie_logs/sat4j_1762432630_FOLD5.log,/home/pbermejo/GeneticImprovement/magpie/_magpie_logs/sat4j_1762509307_FOLD5-val_1762432630_FirstImprovement.log
sat4j,UMDAAlgorithm,50,750,time,3,24.9889,22.6698,-9.281,6.7001,6.4067,-4.379,1,266.57441666666665,/home/pbermejo/GeneticImprovement/magpie/_magpie_logs/sat4j_1762433703_FOLD3.log,/home/pbermejo/GeneticImprovement/magpie/_magpie_logs/sat4j_1762509327_FOLD3-val_1762433703_UMDAAlgorithm.log
weka,FirstImprovement,None,500,time,2,39.791,37.568,-5.587,8.2298,8.3392,1.329,6,338.34076666666664,/home/pbermejo/GeneticImprovement/magpie/_magpie_logs/weka_1762429768_FOLD2.log,/home/pbermejo/GeneticImprovement/magpie/_magpie_logs/weka_1762510445_FOLD2-val_1762429768_FirstImprovement.log
weka,GeneticProgrammingUniformConcat,50,750,time,1,37.9151,35.4684,-6.453,11.0126,10.5359,-4.329,2,305.92515,/home/pbermejo/GeneticImprovement/magpie/_magpie_logs/weka_1762432214_FOLD1.log,/home/pbermejo/GeneticImprovement/magpie/_magpie_logs/weka_1762776990_FOLD1-val_1762432214_GeneticProgrammingUniformConcat.log
pngOptim,FirstImprovement,None,250,time,4,87.9499,87.8349,-0.131,43.968,43.9319,-0.082,6,354.59735,/home/pbermejo/GeneticImprovement/magpie/_magpie_logs/pngOptim_1762429175_FOLD4.log,/home/pbermejo/GeneticImprovement/magpie/_magpie_logs/pngOptim_1762775421_FOLD4-val_1762429175_FirstImprovement.log
weka,FirstImprovement,None,500,time,5,40.7931,38.2239,-6.298,8.3435,8.0767,-3.198,6,348.26256666666666,/home/pbermejo/GeneticImprovement/magpie/_magpie_logs/weka_1762429819_FOLD5.log,/home/pbermejo/GeneticImprovement/magpie/_magpie_logs/weka_1762510448_FOLD5-val_1762429819_FirstImprovement.log
sat4j,UMDAAlgorithm,50,750,time,1,29.3004,25.7383,-12.157,2.8496,2.9292,2.793,1,293.62906666666663,/home/pbermejo/GeneticImprovement/magpie/_magpie_logs/sat4j_1762433412_FOLD1.log,/home/pbermejo/GeneticImprovement/magpie/_magpie_logs/sat4j_1762509319_FOLD1-val_1762433412_UMDAAlgorithm.log
pngOptim,GeneticProgrammingUniformConcat,50,250,time,3,138.1511,137.945,-0.149,1.9162,2.18,13.767,1,362.64278333333334,/home/pbermejo/GeneticImprovement/magpie/_magpie_logs/pngOptim_1762429178_FOLD3.log,/home/pbermejo/GeneticImprovement/magpie/_magpie_logs/pngOptim_1762501538_FOLD3-val_1762429178_GeneticProgrammingUniformConcat.log
weka,FirstImprovement,None,500,time,4,43.5766,39.9804,-8.253,5.7062,5.709,0.049,8,357.46725,/home/pbermejo/GeneticImprovement/magpie/_magpie_logs/weka_1762429806_FOLD4.log,/home/pbermejo/GeneticImprovement/magpie/_magpie_logs/weka_1762510447_FOLD4-val_1762429806_FirstImprovement.log
pngOptim,FirstImprovement,None,250,time,5,87.5264,84.8412,-3.068,44.2505,44.2588,0.019,5,369.54946666666666,/home/pbermejo/GeneticImprovement/magpie/_magpie_logs/pngOptim_1762429180_FOLD5.log,/home/pbermejo/GeneticImprovement/magpie/_magpie_logs/pngOptim_1762775419_FOLD5-val_1762429180_FirstImprovement.log
weka,GeneticProgrammingUniformConcat,50,750,time,3,37.0939,33.5945,-9.434,11.3245,10.9954,-2.906,5,326.8574,/home/pbermejo/GeneticImprovement/magpie/_magpie_logs/weka_1762432263_FOLD3.log,/home/pbermejo/GeneticImprovement/magpie/_magpie_logs/weka_1762776994_FOLD3-val_1762432263_GeneticProgrammingUniformConcat.log
sat4j,GeneticProgrammingUniformConcat,50,1000,time,5,16.5132,14.4133,-12.716,13.8301,13.4756,-2.563,8,258.40493333333336,/home/pbermejo/GeneticImprovement/magpie/_magpie_logs/sat4j_1762436476_FOLD5.log,/home/pbermejo/GeneticImprovement/magpie/_magpie_logs/sat4j_1762509358_FOLD5-val_1762436476_GeneticProgrammingUniformConcat.log
sat4j,UMDAAlgorithm,50,750,time,2,28.4669,26.5269,-6.815,2.8715,2.8272,-1.543,1,308.5071,/home/pbermejo/GeneticImprovement/magpie/_magpie_logs/sat4j_1762433515_FOLD2.log,/home/pbermejo/GeneticImprovement/magpie/_magpie_logs/sat4j_1762509324_FOLD2-val_1762433515_UMDAAlgorithm.log
pngOptim,UMDAAlgorithm,50,250,time,3,137.2593,123.9736,-9.679,1.4148,1.1285,-20.236,1,377.36156666666665,/home/pbermejo/GeneticImprovement/magpie/_magpie_logs/pngOptim_1762429204_FOLD3.log,/home/pbermejo/GeneticImprovement/magpie/_magpie_logs/pngOptim_1762773190_FOLD3-val_1762429204_UMDAAlgorithm.log
pngOptim,UMDAAlgorithm,50,250,time,1,133.0336,117.9406,-11.345,11.3489,10.2885,-9.344,1,380.92955,/home/pbermejo/GeneticImprovement/magpie/_magpie_logs/pngOptim_1762429201_FOLD1.log,/home/pbermejo/GeneticImprovement/magpie/_magpie_logs/pngOptim_1762773189_FOLD1-val_1762429201_UMDAAlgorithm.log
sat4j,UMDAAlgorithm,50,750,time,4,29.0235,26.2545,-9.541,2.1411,2.1373,-0.177,2,308.3161666666667,/home/pbermejo/GeneticImprovement/magpie/_magpie_logs/sat4j_1762434219_FOLD4.log,/home/pbermejo/GeneticImprovement/magpie/_magpie_logs/sat4j_1762509328_FOLD4-val_1762434219_UMDAAlgorithm.log
weka,GeneticProgrammingUniformConcat,50,750,time,5,40.4034,36.0185,-10.853,8.077,8.0222,-0.678,6,342.0366,/home/pbermejo/GeneticImprovement/magpie/_magpie_logs/weka_1762432393_FOLD5.log,/home/pbermejo/GeneticImprovement/magpie/_magpie_logs/weka_1762776991_FOLD5-val_1762432393_GeneticProgrammingUniformConcat.log
weka,GeneticProgrammingUniformConcat,50,750,time,2,39.8572,36.0932,-9.444,8.1072,8.3512,3.01,6,344.9499333333333,/home/pbermejo/GeneticImprovement/magpie/_magpie_logs/weka_1762432264_FOLD2.log,/home/pbermejo/GeneticImprovement/magpie/_magpie_logs/weka_1762776993_FOLD2-val_1762432264_GeneticProgrammingUniformConcat.log
sat4j,FirstImprovement,None,750,time,3,25.2853,21.7734,-13.889,6.6452,6.5633,-1.232,8,351.76753333333335,/home/pbermejo/GeneticImprovement/magpie/_magpie_logs/sat4j_1762432548_FOLD3.log,/home/pbermejo/GeneticImprovement/magpie/_magpie_logs/sat4j_1762509292_FOLD3-val_1762432548_FirstImprovement.log
weka,UMDAAlgorithm,50,750,time,3,38.133,34.3505,-9.919,10.8143,11.0341,2.032,2,327.6535666666667,/home/pbermejo/GeneticImprovement/magpie/_magpie_logs/weka_1762435891_FOLD3.log,/home/pbermejo/GeneticImprovement/magpie/_magpie_logs/weka_1762777286_FOLD3-val_1762435891_UMDAAlgorithm.log
weka,UMDAAlgorithm,50,750,time,1,37.0359,34.6168,-6.532,10.5649,10.6326,0.641,2,334.2251166666667,/home/pbermejo/GeneticImprovement/magpie/_magpie_logs/weka_1762435677_FOLD1.log,/home/pbermejo/GeneticImprovement/magpie/_magpie_logs/weka_1762777285_FOLD1-val_1762435677_UMDAAlgorithm.log
sat4j,UMDAAlgorithm,50,1000,time,5,16.8781,14.0803,-16.577,19.6041,18.9283,-3.447,2,243.90461666666667,/home/pbermejo/GeneticImprovement/magpie/_magpie_logs/sat4j_1762441154_FOLD5.log,/home/pbermejo/GeneticImprovement/magpie/_magpie_logs/sat4j_1762509394_FOLD5-val_1762441154_UMDAAlgorithm.log
pngOptim,FirstImprovement,None,250,time,2,106.5629,99.7509,-6.392,27.6486,27.6509,0.008,7,441.35568333333333,/home/pbermejo/GeneticImprovement/magpie/_magpie_logs/pngOptim_1762429174_FOLD2.log,/home/pbermejo/GeneticImprovement/magpie/_magpie_logs/pngOptim_1762775418_FOLD2-val_1762429174_FirstImprovement.log
weka,GeneticProgrammingUniformConcat,50,750,time,4,43.4989,37.6412,-13.466,5.9195,5.9758,0.951,5,397.92151666666666,/home/pbermejo/GeneticImprovement/magpie/_magpie_logs/weka_1762432354_FOLD4.log,/home/pbermejo/GeneticImprovement/magpie/_magpie_logs/weka_1762776992_FOLD4-val_1762432354_GeneticProgrammingUniformConcat.log
sat4j,GeneticProgrammingUniformConcat,50,1000,time,3,24.2301,22.2191,-8.3,6.1184,6.6145,8.108,2,338.29555,/home/pbermejo/GeneticImprovement/magpie/_magpie_logs/sat4j_1762436188_FOLD3.log,/home/pbermejo/GeneticImprovement/magpie/_magpie_logs/sat4j_1762509348_FOLD3-val_1762436188_GeneticProgrammingUniformConcat.log
weka,UMDAAlgorithm,50,750,time,2,40.8625,36.7076,-10.168,8.0168,8.1274,1.38,2,350.4733166666667,/home/pbermejo/GeneticImprovement/magpie/_magpie_logs/weka_1762435684_FOLD2.log,/home/pbermejo/GeneticImprovement/magpie/_magpie_logs/weka_1762777284_FOLD2-val_1762435684_UMDAAlgorithm.log
weka,UMDAAlgorithm,50,750,time,5,40.5378,35.0376,-13.568,8.3909,8.5391,1.766,2,345.85748333333333,/home/pbermejo/GeneticImprovement/magpie/_magpie_logs/weka_1762436043_FOLD5.log,/home/pbermejo/GeneticImprovement/magpie/_magpie_logs/weka_1762777288_FOLD5-val_1762436043_UMDAAlgorithm.log
pngOptim,GeneticProgrammingUniformConcat,50,500,time,4,87.8595,76.9312,-12.438,45.7538,44.1792,-3.441,7,457.6279333333333,/home/pbermejo/GeneticImprovement/magpie/_magpie_logs/pngOptim_1762429205_FOLD4.log,/home/pbermejo/GeneticImprovement/magpie/_magpie_logs/pngOptim_1762501820_FOLD4-val_1762429205_GeneticProgrammingUniformConcat.log
pngOptim,GeneticProgrammingUniformConcat,50,500,time,5,87.568,76.6121,-12.511,45.4987,44.2953,-2.645,4,484.96048333333334,/home/pbermejo/GeneticImprovement/magpie/_magpie_logs/pngOptim_1762429206_FOLD5.log,/home/pbermejo/GeneticImprovement/magpie/_magpie_logs/pngOptim_1762501832_FOLD5-val_1762429206_GeneticProgrammingUniformConcat.log
sat4j,FirstImprovement,None,750,time,1,28.3252,25.0392,-11.601,2.8623,2.8858,0.821,10,434.3479,/home/pbermejo/GeneticImprovement/magpie/_magpie_logs/sat4j_1762432421_FOLD1.log,/home/pbermejo/GeneticImprovement/magpie/_magpie_logs/sat4j_1762509291_FOLD1-val_1762432421_FirstImprovement.log
sat4j,FirstImprovement,None,1000,time,5,16.6457,14.9188,-10.374,13.4688,13.208,-1.936,13,337.92425000000003,/home/pbermejo/GeneticImprovement/magpie/_magpie_logs/sat4j_1762438344_FOLD5.log,/home/pbermejo/GeneticImprovement/magpie/_magpie_logs/sat4j_1762509373_FOLD5-val_1762438344_FirstImprovement.log
sat4j,FirstImprovement,None,750,time,4,30.6557,25.9758,-15.266,4.2438,5.0071,17.986,14,442.47535,/home/pbermejo/GeneticImprovement/magpie/_magpie_logs/sat4j_1762432627_FOLD4.log,/home/pbermejo/GeneticImprovement/magpie/_magpie_logs/sat4j_1762509296_FOLD4-val_1762432627_FirstImprovement.log
weka,UMDAAlgorithm,50,750,time,4,43.5333,39.2601,-9.816,5.7335,5.7542,0.361,2,386.89871666666664,/home/pbermejo/GeneticImprovement/magpie/_magpie_logs/weka_1762435990_FOLD4.log,/home/pbermejo/GeneticImprovement/magpie/_magpie_logs/weka_1762777287_FOLD4-val_1762435990_UMDAAlgorithm.log
pngOptim,UMDAAlgorithm,50,500,time,5,87.5017,76.5933,-12.467,71.3214,71.1083,-0.299,2,479.2414166666667,/home/pbermejo/GeneticImprovement/magpie/_magpie_logs/pngOptim_1762430645_FOLD5.log,/home/pbermejo/GeneticImprovement/magpie/_magpie_logs/pngOptim_1762773194_FOLD5-val_1762430645_UMDAAlgorithm.log
sat4j,GeneticProgrammingUniformConcat,50,1000,time,2,29.7058,24.3952,-17.877,2.8878,2.8786,-0.319,5,395.1962666666667,/home/pbermejo/GeneticImprovement/magpie/_magpie_logs/sat4j_1762436179_FOLD2.log,/home/pbermejo/GeneticImprovement/magpie/_magpie_logs/sat4j_1762509341_FOLD2-val_1762436179_GeneticProgrammingUniformConcat.log
sat4j,GeneticProgrammingUniformConcat,50,1000,time,4,29.6294,26.0842,-11.965,2.1687,2.1475,-0.978,6,392.88238333333334,/home/pbermejo/GeneticImprovement/magpie/_magpie_logs/sat4j_1762436366_FOLD4.log,/home/pbermejo/GeneticImprovement/magpie/_magpie_logs/sat4j_1762509357_FOLD4-val_1762436366_GeneticProgrammingUniformConcat.log
weka,FirstImprovement,None,750,time,3,37.4162,33.0706,-11.614,11.0729,11.0901,0.155,24,444.09060000000005,/home/pbermejo/GeneticImprovement/magpie/_magpie_logs/weka_1762433355_FOLD3.log,/home/pbermejo/GeneticImprovement/magpie/_magpie_logs/weka_1762510501_FOLD3-val_1762433355_FirstImprovement.log
weka,FirstImprovement,None,750,time,1,37.4643,32.5202,-13.197,10.6824,10.7064,0.225,12,449.9602666666667,/home/pbermejo/GeneticImprovement/magpie/_magpie_logs/weka_1762433215_FOLD1.log,/home/pbermejo/GeneticImprovement/magpie/_magpie_logs/weka_1762510492_FOLD1-val_1762433215_FirstImprovement.log
sat4j,UMDAAlgorithm,50,1000,time,3,24.8443,20.5633,-17.231,6.7621,6.3131,-6.64,1,332.3945166666666,/home/pbermejo/GeneticImprovement/magpie/_magpie_logs/sat4j_1762440696_FOLD3.log,/home/pbermejo/GeneticImprovement/magpie/_magpie_logs/sat4j_1762509384_FOLD3-val_1762440696_UMDAAlgorithm.log
sat4j,GeneticProgrammingUniformConcat,50,1000,time,1,28.8923,25.2999,-12.434,2.9923,2.8699,-4.09,7,409.9739666666666,/home/pbermejo/GeneticImprovement/magpie/_magpie_logs/sat4j_1762436110_FOLD1.log,/home/pbermejo/GeneticImprovement/magpie/_magpie_logs/sat4j_1762509333_FOLD1-val_1762436110_GeneticProgrammingUniformConcat.log
pngOptim,UMDAAlgorithm,50,500,time,4,87.8846,79.5368,-9.499,70.2887,70.591,0.43,2,510.42764999999997,/home/pbermejo/GeneticImprovement/magpie/_magpie_logs/pngOptim_1762430642_FOLD4.log,/home/pbermejo/GeneticImprovement/magpie/_magpie_logs/pngOptim_1762773196_FOLD4-val_1762430642_UMDAAlgorithm.log
weka,FirstImprovement,None,750,time,2,40.5543,35.1862,-13.237,8.196,8.0557,-1.712,15,478.7296833333333,/home/pbermejo/GeneticImprovement/magpie/_magpie_logs/weka_1762433270_FOLD2.log,/home/pbermejo/GeneticImprovement/magpie/_magpie_logs/weka_1762510494_FOLD2-val_1762433270_FirstImprovement.log
pngOptim,FirstImprovement,None,250,time,3,137.2563,124.0675,-9.609,0.7403,0.7319,-1.135,2,543.58305,/home/pbermejo/GeneticImprovement/magpie/_magpie_logs/pngOptim_1762429179_FOLD3.log,/home/pbermejo/GeneticImprovement/magpie/_magpie_logs/pngOptim_1762775420_FOLD3-val_1762429179_FirstImprovement.log
pngOptim,GeneticProgrammingUniformConcat,50,500,time,2,106.5712,93.1845,-12.561,108.1672,109.2319,0.984,4,545.84455,/home/pbermejo/GeneticImprovement/magpie/_magpie_logs/pngOptim_1762429207_FOLD2.log,/home/pbermejo/GeneticImprovement/magpie/_magpie_logs/pngOptim_1762501847_FOLD2-val_1762429207_GeneticProgrammingUniformConcat.log
pngOptim,FirstImprovement,None,250,time,1,135.4239,120.2766,-11.185,4.4276,4.4236,-0.09,14,545.82495,/home/pbermejo/GeneticImprovement/magpie/_magpie_logs/pngOptim_1762429171_FOLD1.log,/home/pbermejo/GeneticImprovement/magpie/_magpie_logs/pngOptim_1762775422_FOLD1-val_1762429171_FirstImprovement.log
sat4j,UMDAAlgorithm,50,1000,time,2,29.0413,25.0911,-13.602,2.8578,2.8001,-2.019,2,379.72341666666665,/home/pbermejo/GeneticImprovement/magpie/_magpie_logs/sat4j_1762440580_FOLD2.log,/home/pbermejo/GeneticImprovement/magpie/_magpie_logs/sat4j_1762509382_FOLD2-val_1762440580_UMDAAlgorithm.log
weka,FirstImprovement,None,750,time,5,40.7855,36.3107,-10.972,7.9408,7.9947,0.679,12,501.2568333333333,/home/pbermejo/GeneticImprovement/magpie/_magpie_logs/weka_1762433390_FOLD5.log,/home/pbermejo/GeneticImprovement/magpie/_magpie_logs/weka_1762510503_FOLD5-val_1762433390_FirstImprovement.log
sat4j,UMDAAlgorithm,50,1000,time,1,28.8015,24.9894,-13.236,2.8991,2.8986,-0.017,2,391.97836666666666,/home/pbermejo/GeneticImprovement/magpie/_magpie_logs/sat4j_1762440180_FOLD1.log,/home/pbermejo/GeneticImprovement/magpie/_magpie_logs/sat4j_1762509374_FOLD1-val_1762440180_UMDAAlgorithm.log
weka,FirstImprovement,None,750,time,4,42.6208,37.1614,-12.809,21.578,24.0766,11.579,11,510.34271666666666,/home/pbermejo/GeneticImprovement/magpie/_magpie_logs/weka_1762433384_FOLD4.log,/home/pbermejo/GeneticImprovement/magpie/_magpie_logs/weka_1762510502_FOLD4-val_1762433384_FirstImprovement.log
weka,GeneticProgrammingUniformConcat,50,1000,time,3,37.3353,32.4468,-13.094,11.081,11.3657,2.569,3,452.9145833333333,/home/pbermejo/GeneticImprovement/magpie/_magpie_logs/weka_1762437614_FOLD3.log,/home/pbermejo/GeneticImprovement/magpie/_magpie_logs/weka_1762510541_FOLD3-val_1762437614_GeneticProgrammingUniformConcat.log
sat4j,UMDAAlgorithm,50,1000,time,4,30.4762,25.3299,-16.886,2.121,2.081,-1.886,2,407.00205,/home/pbermejo/GeneticImprovement/magpie/_magpie_logs/sat4j_1762440885_FOLD4.log,/home/pbermejo/GeneticImprovement/magpie/_magpie_logs/sat4j_1762509392_FOLD4-val_1762440885_UMDAAlgorithm.log
weka,GeneticProgrammingUniformConcat,50,1000,time,1,37.0318,32.2031,-13.039,10.7773,10.8889,1.036,4,473.90178333333336,/home/pbermejo/GeneticImprovement/magpie/_magpie_logs/weka_1762437244_FOLD1.log,/home/pbermejo/GeneticImprovement/magpie/_magpie_logs/weka_1762510528_FOLD1-val_1762437244_GeneticProgrammingUniformConcat.log
pngOptim,UMDAAlgorithm,50,500,time,2,106.6027,94.6354,-11.226,42.972,42.117,-1.99,1,586.0231833333333,/home/pbermejo/GeneticImprovement/magpie/_magpie_logs/pngOptim_1762430450_FOLD2.log,/home/pbermejo/GeneticImprovement/magpie/_magpie_logs/pngOptim_1762773195_FOLD2-val_1762430450_UMDAAlgorithm.log
weka,GeneticProgrammingUniformConcat,50,1000,time,5,40.3798,34.9606,-13.421,8.2052,8.0525,-1.861,3,490.5458,/home/pbermejo/GeneticImprovement/magpie/_magpie_logs/weka_1762437755_FOLD5.log,/home/pbermejo/GeneticImprovement/magpie/_magpie_logs/weka_1762510550_FOLD5-val_1762437755_GeneticProgrammingUniformConcat.log
weka,UMDAAlgorithm,50,1000,time,1,37.3735,32.122,-14.051,11.3669,10.8979,-4.126,1,411.7076333333333,/home/pbermejo/GeneticImprovement/magpie/_magpie_logs/weka_1762442853_FOLD1.log,/home/pbermejo/GeneticImprovement/magpie/_magpie_logs/weka_1762777289_FOLD1-val_1762442853_UMDAAlgorithm.log
weka,UMDAAlgorithm,50,1000,time,3,36.8564,31.799,-13.722,11.1316,10.8411,-2.61,2,410.2749,/home/pbermejo/GeneticImprovement/magpie/_magpie_logs/weka_1762442972_FOLD3.log,/home/pbermejo/GeneticImprovement/magpie/_magpie_logs/weka_1762777314_FOLD3-val_1762442972_UMDAAlgorithm.log
sat4j,FirstImprovement,None,1000,time,1,29.2676,24.7453,-15.452,2.9215,2.9331,0.397,12,523.1758,/home/pbermejo/GeneticImprovement/magpie/_magpie_logs/sat4j_1762437891_FOLD1.log,/home/pbermejo/GeneticImprovement/magpie/_magpie_logs/sat4j_1762509360_FOLD1-val_1762437891_FirstImprovement.log
weka,FirstImprovement,None,1000,time,3,37.0801,31.7713,-14.317,11.0431,10.9232,-1.086,14,499.46146666666664,/home/pbermejo/GeneticImprovement/magpie/_magpie_logs/weka_1762439465_FOLD3.log,/home/pbermejo/GeneticImprovement/magpie/_magpie_logs/weka_1762510556_FOLD3-val_1762439465_FirstImprovement.log
weka,FirstImprovement,None,1000,time,2,39.9301,34.616,-13.309,8.25,8.2407,-0.113,17,502.85235,/home/pbermejo/GeneticImprovement/magpie/_magpie_logs/weka_1762439359_FOLD2.log,/home/pbermejo/GeneticImprovement/magpie/_magpie_logs/weka_1762510551_FOLD2-val_1762439359_FirstImprovement.log
weka,GeneticProgrammingUniformConcat,50,1000,time,2,43.347,34.9489,-19.374,8.2511,8.2994,0.585,5,536.11785,/home/pbermejo/GeneticImprovement/magpie/_magpie_logs/weka_1762437582_FOLD2.log,/home/pbermejo/GeneticImprovement/magpie/_magpie_logs/weka_1762510537_FOLD2-val_1762437582_GeneticProgrammingUniformConcat.log
weka,UMDAAlgorithm,50,1000,time,2,40.8578,34.5924,-15.335,8.1449,8.2401,1.169,1,451.3957,/home/pbermejo/GeneticImprovement/magpie/_magpie_logs/weka_1762442910_FOLD2.log,/home/pbermejo/GeneticImprovement/magpie/_magpie_logs/weka_1762777313_FOLD2-val_1762442910_UMDAAlgorithm.log
weka,UMDAAlgorithm,50,1000,time,5,40.418,34.7522,-14.018,8.2676,8.1777,-1.087,1,448.0821666666667,/home/pbermejo/GeneticImprovement/magpie/_magpie_logs/weka_1762443144_FOLD5.log,/home/pbermejo/GeneticImprovement/magpie/_magpie_logs/weka_1762777323_FOLD5-val_1762443144_UMDAAlgorithm.log
pngOptim,FirstImprovement,None,500,time,5,87.5428,76.6482,-12.445,44.3706,44.2447,-0.284,15,671.89125,/home/pbermejo/GeneticImprovement/magpie/_magpie_logs/pngOptim_1762429728_FOLD5.log,/home/pbermejo/GeneticImprovement/magpie/_magpie_logs/pngOptim_1762501878_FOLD5-val_1762429728_FirstImprovement.log
sat4j,FirstImprovement,None,1000,time,4,30.5122,24.4504,-19.867,2.1563,2.1629,0.306,18,533.7331166666667,/home/pbermejo/GeneticImprovement/magpie/_magpie_logs/sat4j_1762438237_FOLD4.log,/home/pbermejo/GeneticImprovement/magpie/_magpie_logs/sat4j_1762509366_FOLD4-val_1762438237_FirstImprovement.log
weka,GeneticProgrammingUniformConcat,50,1000,time,4,43.6477,37.4383,-14.226,5.7658,5.8257,1.039,3,550.6286833333332,/home/pbermejo/GeneticImprovement/magpie/_magpie_logs/weka_1762437683_FOLD4.log,/home/pbermejo/GeneticImprovement/magpie/_magpie_logs/weka_1762510549_FOLD4-val_1762437683_GeneticProgrammingUniformConcat.log
pngOptim,FirstImprovement,None,500,time,4,87.8902,76.9289,-12.472,44.535,44.6515,0.262,21,684.8844666666666,/home/pbermejo/GeneticImprovement/magpie/_magpie_logs/pngOptim_1762429683_FOLD4.log,/home/pbermejo/GeneticImprovement/magpie/_magpie_logs/pngOptim_1762501867_FOLD4-val_1762429683_FirstImprovement.log
sat4j,FirstImprovement,None,1000,time,2,28.9768,24.4092,-15.763,2.8412,2.8904,1.732,16,566.4153166666667,/home/pbermejo/GeneticImprovement/magpie/_magpie_logs/sat4j_1762437931_FOLD2.log,/home/pbermejo/GeneticImprovement/magpie/_magpie_logs/sat4j_1762509365_FOLD2-val_1762437931_FirstImprovement.log
pngOptim,UMDAAlgorithm,50,500,time,1,133.0223,116.4817,-12.434,11.3625,10.2889,-9.449,1,697.9536333333333,/home/pbermejo/GeneticImprovement/magpie/_magpie_logs/pngOptim_1762430447_FOLD1.log,/home/pbermejo/GeneticImprovement/magpie/_magpie_logs/pngOptim_1762773193_FOLD1-val_1762430447_UMDAAlgorithm.log
weka,UMDAAlgorithm,50,1000,time,4,43.066,37.2915,-13.408,5.7352,5.6264,-1.897,1,494.0363,/home/pbermejo/GeneticImprovement/magpie/_magpie_logs/weka_1762443097_FOLD4.log,/home/pbermejo/GeneticImprovement/magpie/_magpie_logs/weka_1762777315_FOLD4-val_1762443097_UMDAAlgorithm.log
pngOptim,GeneticProgrammingUniformConcat,50,500,time,1,133.046,116.3388,-12.557,22.168,21.752,-1.877,3,734.5973666666666,/home/pbermejo/GeneticImprovement/magpie/_magpie_logs/pngOptim_1762429208_FOLD1.log,/home/pbermejo/GeneticImprovement/magpie/_magpie_logs/pngOptim_1762501849_FOLD1-val_1762429208_GeneticProgrammingUniformConcat.log
weka,FirstImprovement,None,1000,time,5,40.3331,34.5891,-14.241,8.1434,7.9255,-2.676,15,577.3884999999999,/home/pbermejo/GeneticImprovement/magpie/_magpie_logs/weka_1762439851_FOLD5.log,/home/pbermejo/GeneticImprovement/magpie/_magpie_logs/weka_1762510561_FOLD5-val_1762439851_FirstImprovement.log
pngOptim,GeneticProgrammingUniformConcat,50,500,time,3,137.2899,120.0106,-12.586,0.7726,0.7977,3.249,9,760.3081333333333,/home/pbermejo/GeneticImprovement/magpie/_magpie_logs/pngOptim_1762429209_FOLD3.log,/home/pbermejo/GeneticImprovement/magpie/_magpie_logs/pngOptim_1762501848_FOLD3-val_1762429209_GeneticProgrammingUniformConcat.log
pngOptim,UMDAAlgorithm,50,750,time,5,87.6306,76.5657,-12.627,44.1919,44.1945,0.006,1,663.5244833333333,/home/pbermejo/GeneticImprovement/magpie/_magpie_logs/pngOptim_1762435661_FOLD5.log,/home/pbermejo/GeneticImprovement/magpie/_magpie_logs/pngOptim_1762774634_FOLD5-val_1762435661_UMDAAlgorithm.log
pngOptim,FirstImprovement,None,500,time,2,106.5594,93.1947,-12.542,27.734,27.6492,-0.306,13,771.3248,/home/pbermejo/GeneticImprovement/magpie/_magpie_logs/pngOptim_1762429667_FOLD2.log,/home/pbermejo/GeneticImprovement/magpie/_magpie_logs/pngOptim_1762501865_FOLD2-val_1762429667_FirstImprovement.log
pngOptim,UMDAAlgorithm,50,500,time,3,137.219,120.0814,-12.489,1.4157,1.1288,-20.266,2,762.7096666666667,/home/pbermejo/GeneticImprovement/magpie/_magpie_logs/pngOptim_1762430480_FOLD3.log,/home/pbermejo/GeneticImprovement/magpie/_magpie_logs/pngOptim_1762773197_FOLD3-val_1762430480_UMDAAlgorithm.log
pngOptim,UMDAAlgorithm,50,750,time,4,87.9433,76.8635,-12.599,43.8984,43.8768,-0.049,2,679.2512333333333,/home/pbermejo/GeneticImprovement/magpie/_magpie_logs/pngOptim_1762435658_FOLD4.log,/home/pbermejo/GeneticImprovement/magpie/_magpie_logs/pngOptim_1762774631_FOLD4-val_1762435658_UMDAAlgorithm.log
pngOptim,GeneticProgrammingUniformConcat,50,750,time,5,87.5369,76.5582,-12.542,44.2199,44.2165,-0.008,3,739.0712,/home/pbermejo/GeneticImprovement/magpie/_magpie_logs/pngOptim_1762432187_FOLD5.log,/home/pbermejo/GeneticImprovement/magpie/_magpie_logs/pngOptim_1762501954_FOLD5-val_1762432187_GeneticProgrammingUniformConcat.log
weka,FirstImprovement,None,1000,time,4,43.0659,36.9539,-14.192,5.6677,5.4667,-3.546,18,641.1888833333334,/home/pbermejo/GeneticImprovement/magpie/_magpie_logs/weka_1762439548_FOLD4.log,/home/pbermejo/GeneticImprovement/magpie/_magpie_logs/weka_1762510559_FOLD4-val_1762439548_FirstImprovement.log
pngOptim,GeneticProgrammingUniformConcat,50,750,time,4,87.9448,76.8592,-12.605,145.7455,112.2869,-22.957,3,786.5505166666667,/home/pbermejo/GeneticImprovement/magpie/_magpie_logs/pngOptim_1762432183_FOLD4.log,/home/pbermejo/GeneticImprovement/magpie/_magpie_logs/pngOptim_1762501940_FOLD4-val_1762432183_GeneticProgrammingUniformConcat.log
pngOptim,GeneticProgrammingUniformConcat,50,750,time,2,106.5268,93.1803,-12.529,27.6535,27.6829,0.106,2,882.4387666666667,/home/pbermejo/GeneticImprovement/magpie/_magpie_logs/pngOptim_1762431830_FOLD2.log,/home/pbermejo/GeneticImprovement/magpie/_magpie_logs/pngOptim_1762501916_FOLD2-val_1762431830_GeneticProgrammingUniformConcat.log
pngOptim,FirstImprovement,None,500,time,1,132.9795,116.291,-12.55,4.6551,4.7509,2.058,12,934.6057666666667,/home/pbermejo/GeneticImprovement/magpie/_magpie_logs/pngOptim_1762429666_FOLD1.log,/home/pbermejo/GeneticImprovement/magpie/_magpie_logs/pngOptim_1762501852_FOLD1-val_1762429666_FirstImprovement.log
pngOptim,UMDAAlgorithm,50,750,time,2,106.571,93.2406,-12.508,27.5693,27.5983,0.105,1,862.7420833333333,/home/pbermejo/GeneticImprovement/magpie/_magpie_logs/pngOptim_1762435312_FOLD2.log,/home/pbermejo/GeneticImprovement/magpie/_magpie_logs/pngOptim_1762774629_FOLD2-val_1762435312_UMDAAlgorithm.log
pngOptim,FirstImprovement,None,750,time,4,87.9071,76.8649,-12.561,43.9158,43.911,-0.011,19,938.0947833333333,/home/pbermejo/GeneticImprovement/magpie/_magpie_logs/pngOptim_1762433003_FOLD4.log,/home/pbermejo/GeneticImprovement/magpie/_magpie_logs/pngOptim_1762502008_FOLD4-val_1762433003_FirstImprovement.log
pngOptim,FirstImprovement,None,500,time,3,137.2169,120.0156,-12.536,0.7521,0.7873,4.68,10,1007.7503666666667,/home/pbermejo/GeneticImprovement/magpie/_magpie_logs/pngOptim_1762429669_FOLD3.log,/home/pbermejo/GeneticImprovement/magpie/_magpie_logs/pngOptim_1762501866_FOLD3-val_1762429669_FirstImprovement.log
pngOptim,FirstImprovement,None,750,time,5,87.5486,76.5586,-12.553,44.2411,44.2539,0.029,13,998.7923333333333,/home/pbermejo/GeneticImprovement/magpie/_magpie_logs/pngOptim_1762433131_FOLD5.log,/home/pbermejo/GeneticImprovement/magpie/_magpie_logs/pngOptim_1762502011_FOLD5-val_1762433131_FirstImprovement.log
pngOptim,UMDAAlgorithm,50,1000,time,4,87.8901,76.8169,-12.599,43.8986,43.8861,-0.028,1,903.9703166666666,/home/pbermejo/GeneticImprovement/magpie/_magpie_logs/pngOptim_1762442520_FOLD4.log,/home/pbermejo/GeneticImprovement/magpie/_magpie_logs/pngOptim_1762774636_FOLD4-val_1762442520_UMDAAlgorithm.log
pngOptim,UMDAAlgorithm,50,1000,time,5,87.5281,76.5375,-12.557,44.2032,44.2157,0.028,2,909.6440333333334,/home/pbermejo/GeneticImprovement/magpie/_magpie_logs/pngOptim_1762442738_FOLD5.log,/home/pbermejo/GeneticImprovement/magpie/_magpie_logs/pngOptim_1762774637_FOLD5-val_1762442738_UMDAAlgorithm.log
pngOptim,GeneticProgrammingUniformConcat,50,1000,time,4,87.8753,76.8295,-12.57,43.9277,43.9355,0.018,8,1024.0026833333334,/home/pbermejo/GeneticImprovement/magpie/_magpie_logs/pngOptim_1762437040_FOLD4.log,/home/pbermejo/GeneticImprovement/magpie/_magpie_logs/pngOptim_1762502044_FOLD4-val_1762437040_GeneticProgrammingUniformConcat.log
pngOptim,GeneticProgrammingUniformConcat,50,750,time,1,133.0286,116.3227,-12.558,4.4388,4.4264,-0.279,4,1118.6750166666668,/home/pbermejo/GeneticImprovement/magpie/_magpie_logs/pngOptim_1762431822_FOLD1.log,/home/pbermejo/GeneticImprovement/magpie/_magpie_logs/pngOptim_1762501907_FOLD1-val_1762431822_GeneticProgrammingUniformConcat.log
pngOptim,UMDAAlgorithm,50,750,time,1,133.027,116.3344,-12.548,4.4303,4.4261,-0.095,2,1064.3272166666668,/home/pbermejo/GeneticImprovement/magpie/_magpie_logs/pngOptim_1762435234_FOLD1.log,/home/pbermejo/GeneticImprovement/magpie/_magpie_logs/pngOptim_1762774630_FOLD1-val_1762435234_UMDAAlgorithm.log
pngOptim,UMDAAlgorithm,50,750,time,3,137.2404,119.9707,-12.584,0.7439,0.7389,-0.672,1,1069.5678333333333,/home/pbermejo/GeneticImprovement/magpie/_magpie_logs/pngOptim_1762435440_FOLD3.log,/home/pbermejo/GeneticImprovement/magpie/_magpie_logs/pngOptim_1762774632_FOLD3-val_1762435440_UMDAAlgorithm.log
pngOptim,GeneticProgrammingUniformConcat,50,1000,time,5,87.5652,76.5016,-12.635,44.2299,44.2408,0.025,5,1043.80395,/home/pbermejo/GeneticImprovement/magpie/_magpie_logs/pngOptim_1762437215_FOLD5.log,/home/pbermejo/GeneticImprovement/magpie/_magpie_logs/pngOptim_1762502047_FOLD5-val_1762437215_GeneticProgrammingUniformConcat.log
pngOptim,GeneticProgrammingUniformConcat,50,750,time,3,137.2069,119.9734,-12.56,0.7258,0.7352,1.295,3,1137.4338833333334,/home/pbermejo/GeneticImprovement/magpie/_magpie_logs/pngOptim_1762432065_FOLD3.log,/home/pbermejo/GeneticImprovement/magpie/_magpie_logs/pngOptim_1762501936_FOLD3-val_1762432065_GeneticProgrammingUniformConcat.log
pngOptim,FirstImprovement,None,750,time,2,106.552,93.1266,-12.6,27.6352,27.6358,0.002,27,1142.1967499999998,/home/pbermejo/GeneticImprovement/magpie/_magpie_logs/pngOptim_1762432920_FOLD2.log,/home/pbermejo/GeneticImprovement/magpie/_magpie_logs/pngOptim_1762501955_FOLD2-val_1762432920_FirstImprovement.log
pngOptim,FirstImprovement,None,1000,time,5,87.5356,76.4946,-12.613,44.228,44.184,-0.099,28,1140.8066666666666,/home/pbermejo/GeneticImprovement/magpie/_magpie_logs/pngOptim_1762439200_FOLD5.log,/home/pbermejo/GeneticImprovement/magpie/_magpie_logs/pngOptim_1762531981_FOLD5-val_1762439200_FirstImprovement.log
pngOptim,UMDAAlgorithm,50,1000,time,2,106.5062,93.1184,-12.57,27.5907,27.6023,0.042,1,1088.3684833333332,/home/pbermejo/GeneticImprovement/magpie/_magpie_logs/pngOptim_1762442433_FOLD2.log,/home/pbermejo/GeneticImprovement/magpie/_magpie_logs/pngOptim_1762774635_FOLD2-val_1762442433_UMDAAlgorithm.log
pngOptim,GeneticProgrammingUniformConcat,50,1000,time,2,106.5319,93.1282,-12.582,27.6098,27.595,-0.054,3,1217.2457666666667,/home/pbermejo/GeneticImprovement/magpie/_magpie_logs/pngOptim_1762436982_FOLD2.log,/home/pbermejo/GeneticImprovement/magpie/_magpie_logs/pngOptim_1762531979_FOLD2-val_1762436982_GeneticProgrammingUniformConcat.log
pngOptim,FirstImprovement,None,1000,time,4,87.9762,76.8073,-12.695,43.9159,43.8798,-0.082,24,1249.0761166666666,/home/pbermejo/GeneticImprovement/magpie/_magpie_logs/pngOptim_1762439131_FOLD4.log,/home/pbermejo/GeneticImprovement/magpie/_magpie_logs/pngOptim_1762531980_FOLD4-val_1762439131_FirstImprovement.log
pngOptim,FirstImprovement,None,750,time,1,133.0133,116.2642,-12.592,4.4154,4.4085,-0.156,18,1354.5644833333333,/home/pbermejo/GeneticImprovement/magpie/_magpie_logs/pngOptim_1762432904_FOLD1.log,/home/pbermejo/GeneticImprovement/magpie/_magpie_logs/pngOptim_1762531971_FOLD1-val_1762432904_FirstImprovement.log
pngOptim,FirstImprovement,None,750,time,3,137.2561,119.929,-12.624,0.7382,0.731,-0.975,12,1441.03765,/home/pbermejo/GeneticImprovement/magpie/_magpie_logs/pngOptim_1762432924_FOLD3.log,/home/pbermejo/GeneticImprovement/magpie/_magpie_logs/pngOptim_1762531972_FOLD3-val_1762432924_FirstImprovement.log
pngOptim,FirstImprovement,None,1000,time,2,106.5208,93.1242,-12.577,27.6195,27.595,-0.089,21,1388.6544333333334,/home/pbermejo/GeneticImprovement/magpie/_magpie_logs/pngOptim_1762439068_FOLD2.log,/home/pbermejo/GeneticImprovement/magpie/_magpie_logs/pngOptim_1762531978_FOLD2-val_1762439068_FirstImprovement.log
weka,UMDAAlgorithm,50,500,time,3,32.3176,31.2209,-3.394,10.9095,10.9691,0.546,2,195.75678333333332,/home/pbermejo/GeneticImprovement/magpie/_magpie_logs/weka_1762511470_FOLD3.log,/home/pbermejo/GeneticImprovement/magpie/_magpie_logs/weka_1762777325_FOLD3-val_1762511470_UMDAAlgorithm.log
pngOptim,UMDAAlgorithm,50,1000,time,1,132.9896,116.2569,-12.582,4.4294,4.4261,-0.075,2,1346.3433166666666,/home/pbermejo/GeneticImprovement/magpie/_magpie_logs/pngOptim_1762442227_FOLD1.log,/home/pbermejo/GeneticImprovement/magpie/_magpie_logs/pngOptim_1762774633_FOLD1-val_1762442227_UMDAAlgorithm.log
weka,UMDAAlgorithm,50,500,time,1,32.8437,32.0046,-2.555,10.767,10.6852,-0.76,2,203.6079,/home/pbermejo/GeneticImprovement/magpie/_magpie_logs/weka_1762511474_FOLD1.log,/home/pbermejo/GeneticImprovement/magpie/_magpie_logs/weka_1762777328_FOLD1-val_1762511474_UMDAAlgorithm.log
weka,UMDAAlgorithm,50,500,time,5,35.1381,34.0949,-2.969,8.1137,8.0288,-1.046,2,214.36535,/home/pbermejo/GeneticImprovement/magpie/_magpie_logs/weka_1762511472_FOLD5.log,/home/pbermejo/GeneticImprovement/magpie/_magpie_logs/weka_1762777324_FOLD5-val_1762511472_UMDAAlgorithm.log
weka,UMDAAlgorithm,50,500,time,2,35.1765,34.1663,-2.872,8.0835,8.2083,1.544,1,217.00585,/home/pbermejo/GeneticImprovement/magpie/_magpie_logs/weka_1762511473_FOLD2.log,/home/pbermejo/GeneticImprovement/magpie/_magpie_logs/weka_1762777327_FOLD2-val_1762511473_UMDAAlgorithm.log
weka,UMDAAlgorithm,50,500,time,4,38.0591,36.4194,-4.308,5.6858,5.7199,0.6,1,242.94996666666665,/home/pbermejo/GeneticImprovement/magpie/_magpie_logs/weka_1762511471_FOLD4.log,/home/pbermejo/GeneticImprovement/magpie/_magpie_logs/weka_1762777326_FOLD4-val_1762511471_UMDAAlgorithm.log
pngOptim,UMDAAlgorithm,50,1000,time,3,137.2391,119.9059,-12.63,0.742,0.7421,0.013,2,1413.7540666666669,/home/pbermejo/GeneticImprovement/magpie/_magpie_logs/pngOptim_1762442495_FOLD3.log,/home/pbermejo/GeneticImprovement/magpie/_magpie_logs/pngOptim_1762774638_FOLD3-val_1762442495_UMDAAlgorithm.log
pngOptim,GeneticProgrammingUniformConcat,50,1000,time,1,138.2837,116.2289,-15.949,4.4157,4.4097,-0.136,5,1574.86705,/home/pbermejo/GeneticImprovement/magpie/_magpie_logs/pngOptim_1762436871_FOLD1.log,/home/pbermejo/GeneticImprovement/magpie/_magpie_logs/pngOptim_1762531975_FOLD1-val_1762436871_GeneticProgrammingUniformConcat.log
pngOptim,GeneticProgrammingUniformConcat,50,1000,time,3,137.2488,119.9424,-12.61,0.7405,0.7331,-0.999,8,1574.1117833333333,/home/pbermejo/GeneticImprovement/magpie/_magpie_logs/pngOptim_1762437026_FOLD3.log,/home/pbermejo/GeneticImprovement/magpie/_magpie_logs/pngOptim_1762531973_FOLD3-val_1762437026_GeneticProgrammingUniformConcat.log
sat4j,FirstImprovement,None,750,time,2,24.8997,23.8484,-4.222,2.9195,2.8108,-3.723,4,387.7868833333333,/home/pbermejo/GeneticImprovement/magpie/_magpie_logs/sat4j_1762534236_FOLD2.log,/home/pbermejo/GeneticImprovement/magpie/_magpie_logs/sat4j_1762671920_FOLD2-val_1762534236_FirstImprovement.log
pngOptim,FirstImprovement,None,1000,time,3,137.1956,119.9423,-12.576,0.7376,0.7356,-0.271,19,1888.1604333333335,/home/pbermejo/GeneticImprovement/magpie/_magpie_logs/pngOptim_1762439097_FOLD3.log,/home/pbermejo/GeneticImprovement/magpie/_magpie_logs/pngOptim_1762671913_FOLD3-val_1762439097_FirstImprovement.log
pngOptim,FirstImprovement,None,1000,time,1,133.0855,116.1977,-12.689,4.4141,4.4147,0.014,16,1917.5579166666669,/home/pbermejo/GeneticImprovement/magpie/_magpie_logs/pngOptim_1762439049_FOLD1.log,/home/pbermejo/GeneticImprovement/magpie/_magpie_logs/pngOptim_1762671914_FOLD1-val_1762439049_FirstImprovement.log
sat4j,FirstImprovement,None,1000,time,3,21.5973,20.3602,-5.728,6.3323,6.4942,2.557,6,453.0887166666667,/home/pbermejo/GeneticImprovement/magpie/_magpie_logs/sat4j_1762534203_FOLD3.log,/home/pbermejo/GeneticImprovement/magpie/_magpie_logs/sat4j_1762671919_FOLD3-val_1762534203_FirstImprovement.log
weka,FirstImprovement,None,1000,time,1,32.2601,31.6392,-1.925,10.6319,10.6048,-0.255,4,549.2973000000001,/home/pbermejo/GeneticImprovement/magpie/_magpie_logs/weka_1762534271_FOLD1.log,/home/pbermejo/GeneticImprovement/magpie/_magpie_logs/weka_1762671909_FOLD1-val_1762534271_FirstImprovement.log
